id,gen,matron_id,sire_id,birthdate,genes,name
534000,3,521902,490848,2018-02-21 16:48:08,acd9 7565 a474 b4cc 381d 2277 d976 5844 76o7 1712 9abn 222d,
534001,3,531110,532013,2018-02-21 16:48:08,gada 5526 4a22 c9cc 47ii 82bb debb bb65 8422 c193 42d2 142a,
534002,4,499802,527449,2018-02-21 16:49:00,ca9d 8555 42a7 f4ab 8488 2f75 6bfe 51b4 g7e7 7683 gdbn dbgg,
534003,2,528580,489793,2018-02-21 16:49:00,d9cd 7282 f27f 49p4 888d 1822 cbfc 166b 2322 631q bada ed2g,
534004,19,523989,517854,2018-02-21 16:49:34,ccaa 7752 a27f 49fb 8d63 1qf8 77ef 22b4 2668 7839 88nb 2gdg,
534005,14,20334,117237,2018-02-21 16:49:42,9a9m 6557 472a fa9a 6164 7777 ffff b17b 777k 3686 ggaa ecdf,
534006,2,168224,506795,2018-02-21 16:50:03,daaa 7572 faa4 cb1b 66d6 b545 7b73 66bg 6728 a8c6 d8ag 4g12,
534008,8,531818,525660,2018-02-21 16:51:41,g99c 5222 f422 fb9c 688i d7f4 7367 5b7b e626 a483 d229 4bda,
534009,18,364957,102345,2018-02-21 16:55:05,aaac 8777 f4ff bbbg 1111 575k 9cb9 1271 888k 6846 9aaa eafe,
534010,6,395371,448451,2018-02-21 16:55:43,99ac 7858 f424 4f94 41id 5721 efde 4652 566k 4233 fcaa cebc,
534011,3,531931,531194,2018-02-21 16:56:40,9c99 a652 2476 11cc 6716 14b1 d9e3 85b1 gde8 8493 b4d8 g46b,
534012,5,531413,532600,2018-02-21 16:58:53,9d9d 7762 2777 11gc 7383 4d1b 369o 9556 ed8d 8793 4888 bgg2,
534013,3,517979,520813,2018-02-21 17:00:15,ccm9 5867 2447 f4cf 31d1 7825 bc93 4145 gbd2 1638 dg4n g2bd,
534014,22,523184,523238,2018-02-21 17:00:15,acam 6677 aaa2 cc44 d871 f834 3djd g75b g834 7992 d884 62dg,
534015,12,527032,525902,2018-02-21 17:01:22,9d9m 7888 72f7 3ag3 68d1 2135 7e3f 1751 b37b 8388 fgga fdef,
534016,4,336896,168186,2018-02-21 17:01:37,cdcd 6566 ffff baf4 444d 1378 ebe7 4217 8774 7423 9gcc gcgc,
534017,4,531942,532012,2018-02-21 17:02:03,gc9d a256 26a7 1ccc 7316 4414 e6e3 5686 egdd 14ca 4d48 2b2g,
534018,9,533382,532975,2018-02-21 17:02:41,d99d 2722 4fa7 bfa1 66di 4223 7fee 17b8 7823 7948 gbg2 ggf2,
534019,3,531110,532013,2018-02-21 17:02:59,da9a 7582 a722 g1cc 47i6 4b2b bceb bb65 8426 37c8 9282 ggae,
534020,8,531813,531273,2018-02-21 17:07:21,g9ac 8767 f4ff cacc 1186 8f4d d763 1261 8gd8 419c 8288 6221,
534021,9,520998,519818,2018-02-21 17:09:45,a99a 2567 2227 9233 418d 53b3 bfff 677g 886b 8488 gfag bgf4,
534022,1,526152,527393,2018-02-21 17:10:26,9dcd 7a25 4427 a13g 6111 bf4b 37b3 g5g1 bge8 478a 284b 12g4,
534023,4,532592,532938,2018-02-21 17:10:49,acad 655k f424 a3c2 6131 11f4 7735 58bg 636g a81c 2282 416g,
534024,4,524811,526591,2018-02-21 17:10:55,acm9 5666 f7f2 44a4 64d4 5217 97e7 52jj 4677 6688 afda dgde,
534025,5,533644,499255,2018-02-21 17:11:28,9cda 7682 24ff gcag 4661 172d 7a5m 62gb 7624 3881 d8a8 fg2f,
534026,4,533638,525099,2018-02-21 17:11:28,gdac 5a77 4224 1ab9 6ddd 2525 fce7 ff44 6d67 a386 c42c fd1g,
534027,4,534001,514784,2018-02-21 17:12:29,agdd 7576 4222 c4cs 3i86 8f25 7f7b b865 882d 139i 862d 4122,
534028,3,532731,469689,2018-02-21 17:13:22,dc9m 7687 7422 4gg3 1d64 7274 9abf 6f6g 7684 36a1 bbgb 2ggg,
534030,10,481577,533356,2018-02-21 17:17:14,ac99 7775 47f7 441a 14dd d55h 59ff 5752 g6k8 8428 9gad ggob,
534031,1,489920,506259,2018-02-21 17:18:50,a9dg a872 242a 2fgc 63d6 b28f 567e fb5b 2e28 1c98 b222 112g,
534032,4,506426,516443,2018-02-21 17:18:50,cad9 7267 2a22 9ab1 4418 3527 d9f6 4442 8788 423i b6an ddeb,
534033,4,530117,530755,2018-02-21 17:20:09,ad9m 8882 7a72 f1gn 341i 3787 dbd9 716b 238k 3869 ad2a aada,
534034,6,532983,476128,2018-02-21 17:21:36,c9cm 57kk 7f2a afba 7i31 5184 fae7 gb7j 7744 24c6 gggd e6da,
534035,3,533807,435379,2018-02-21 17:21:36,cadd 8557 24af 2cba 8663 14f4 e5f9 f1kj e27o 1a78 b468 g2de,
534036,4,474581,464625,2018-02-21 17:22:01,add9 2227 22a4 cfa9 3d16 284d 7567 5g5f e66g 63i1 ggb8 gded,
534037,3,532149,512445,2018-02-21 17:23:12,agc9 2227 27af 4144 68dd 11f5 7a7f 155g gd6d 3366 9g9b 61g4,
534038,4,534001,514784,2018-02-21 17:23:29,adaa 6257 a242 c9cc 8486 82bb ef7c bbhb 485d 483i 48g8 12a4,
534040,2,493818,509808,2018-02-21 17:24:32,adca 5256 62a2 a1g3 7d1d f4bd ed7d fb51 82e8 1741 88b8 1212,
534041,3,531104,533100,2018-02-21 17:25:05,ddad a822 2a27 c2ac 3111 d7f7 e9de g774 e322 a344 bgb8 f444,
534042,17,512977,248645,2018-02-21 17:27:24,ddam 6662 a4f2 1ba9 8414 7785 ffd7 8b67 7667 6338 9fdg cdd4,
534043,1,532738,409935,2018-02-21 17:27:37,gccc 5576 4a44 9abf dd8d 2ffb 3cfe fb55 836d 6c8c b4b2 e11e,
534044,2,500056,513150,2018-02-21 17:28:02,c9ac 6768 a242 g9ac 1411 d7dd be7e gg66 5576 1648 dadd e2ed,
534045,7,532894,531974,2018-02-21 17:28:02,ddcc 888j 44a4 1a1g 31d4 7738 fedd 6657 5468 4636 gd2b gaea,
534046,2,533274,532087,2018-02-21 17:30:02,9ga9 66ja f77f 9cff 4167 541d bff7 b85b b52b 7a29 da88 g664,
534047,14,518688,527230,2018-02-21 17:30:51,a9mc 76kj 7677 p4bc 4668 3587 add7 1744 8g2e 8483 pbas gfb4,
534048,8,531626,255443,2018-02-21 17:30:51,aaac 2656 af77 9afs 4861 8255 6bbe 77b8 7727 6842 2a98 bf4a,
534049,12,533223,502472,2018-02-21 17:30:51,aa99 2656 7422 faap 168d 4172 e5me 5grr 8784 7621 nbbn 2gfp,
534050,3,533588,516823,2018-02-21 17:31:33,9ca9 2276 4a77 ffa3 ddd1 f545 dcdf 58b1 62be c783 42ab 44g6,
534051,3,481380,472323,2018-02-21 17:31:52,999d 8562 af2f fb9b 31d8 7528 ee9b 1124 5767 7664 afda egee,
534052,10,532518,533092,2018-02-21 17:32:15,ddad 22jk a7fa nsga 8di4 1b5f 9edd 5521 8d87 4366 9b28 eabe,
534053,5,439155,517973,2018-02-21 17:32:15,dccc 5572 aa2f g41f 83dd 2215 5bfd 72g1 8de6 9194 abab bedg,
534054,3,531136,507587,2018-02-21 17:32:35,gaca 7686 47f4 21cc 7117 44d4 5359 5566 de2e 1acc 2928 1424,
534055,4,534041,520509,2018-02-21 17:32:58,dca9 7a26 f244 49cg 1113 5257 ddce 4662 g3k8 a34c bggb deg2,
534056,4,520795,524211,2018-02-21 17:36:18,9c9d 8255 afaf f3ag 316d 38fb dddd f665 38b8 8a18 2gd4 g46d,
534057,9,533410,531818,2018-02-21 17:36:18,9dcc 7276 2a2f fb9s 681i 271d bc63 5bb1 e668 a9a8 4222 14gg,
534058,4,534001,514784,2018-02-21 17:36:56,9a9a 5576 42a2 c4cs 73i6 5fb5 ebfn 8b6h 5422 84i3 4gd2 dg22,
534059,7,533657,531676,2018-02-21 17:38:04,99a9 7575 7264 bmam 48d6 1857 a6b7 4881 4eed 9199 aan6 g222,
534060,6,533339,530128,2018-02-21 17:38:46,ad9m 8282 7fa2 ggcc 781i 3748 9fe6 f666 2ee8 ac39 fadd a22a,
534061,3,513801,508314,2018-02-21 17:39:01,dgam 8852 6477 f113 dd84 f527 677d 165j 8623 7141 dbgb 2g1g,
534062,3,531110,532013,2018-02-21 17:39:01,daam 5772 f4a2 c1gc 476i 281b 9ded bb65 7422 a319 dd22 4g1g,
534063,12,528046,528042,2018-02-21 17:39:11,c99c 6526 74ff bgbb 8d88 71q7 9da9 5f5f 4668 6267 bbpb 2bgo,
534064,1,515970,515735,2018-02-21 17:39:46,a9gc 26a5 42a2 11c3 361d 4ddb 6363 66b6 5bed 1499 624b 6gg6,
534065,3,533588,516091,2018-02-21 17:39:46,9ddc 2265 aa77 9c3a d3d1 7512 33bf 85b5 273b 334a 99fa dg42,
534067,4,512157,533771,2018-02-21 17:41:59,ac9c 2567 fff4 fa1c 6d16 1241 79ee g845 528e 278c c8bg 44g4,
534068,1,528854,377832,2018-02-21 17:42:16,acc9 6586 f4f7 c413 661d 7224 d5f9 55g5 3d44 67c2 d6b4 d444,
534069,4,530117,530149,2018-02-21 17:42:16,a9ad 2285 a772 bcbf 7641 3377 cdde 1f61 3877 6c32 daa2 aa2f,
534070,10,53261,292486,2018-02-21 17:43:00,9caa 588r f222 99bp 6646 5557 edmd b647 87k8 6438 ggdm eccd,
534071,10,28502,222820,2018-02-21 17:44:57,9ad9 k866 2f22 g9fb 4411 57k3 eedn hb14 5868 6788 9gga bndo,
534072,4,526564,419715,2018-02-21 17:44:57,aacc 555j 74f2 fgbf 61d8 38d7 7foe 6b8j 6775 7886 8aaf fgdg,
534073,10,532556,532862,2018-02-21 17:44:57,d9ma 2j75 44f7 ffas 4d61 4512 d6b9 6661 38e2 2271 d4b4 1a2e,
534074,4,534041,514125,2018-02-21 17:45:06,ddad a822 f477 c9f4 4831 2fd7 9eef g724 6kg2 3384 bg8g efa4,
534075,1,378501,377831,2018-02-21 17:45:21,9aac 6675 2274 fb4f 8d14 3287 ffe7 67b7 5446 4228 9bgg gegg,
534076,6,533110,532003,2018-02-21 17:45:21,ddac 2825 2f24 b9sb d38i 7828 7dea 665g 728k 486c bgda bdg2,
534077,22,60067,145721,2018-02-21 17:49:14,9caa 6577 224f 99fg 1116 7578 ee9d 7hh4 6588 4788 afgp ccef,
534078,7,526767,529156,2018-02-21 17:49:56,cc9a 8526 477f f1ap d666 8327 5e6e 6bgg 6867 864c g6a8 bfa2,
534079,6,533191,532509,2018-02-21 17:49:56,cddd 855k 7fff fasb 84i6 4377 ffe7 g427 8882 a1c2 a6d2 bgba,
534080,3,482505,522914,2018-02-21 17:51:02,9dc9 7525 7f24 1ccf d313 f8f2 6777 1gg5 dge2 7993 db68 eeed,
534081,9,533720,529664,2018-02-21 17:51:15,dadm 6228 fa24 g1ga 33i1 2b1d a3fc 1281 8d76 33a2 fd22 66ga,
534082,15,63762,285915,2018-02-21 17:51:37,c9cc 7876 7244 aapg 6461 7857 9b9f 241b 87k8 4888 dapa edfo,
534083,5,531228,511765,2018-02-21 17:52:54,amad 7776 272a 914b 8318 b7k2 c775 57g7 d7oe 4423 a88a 2ep2,
534084,10,528160,532107,2018-02-21 17:53:06,99cc 5865 a227 f13c 314d b88b c9ff bb24 g883 8888 d8b2 e2d2,
534085,23,527760,416348,2018-02-21 17:53:32,9ca9 68k6 4247 bfgg 6641 7b75 f79d 7214 466k 7636 gggg fgag,
534086,2,532355,468882,2018-02-21 17:54:22,daaa 2272 a7f4 cf3b 338d b42d 95e7 6g1g 2226 8114 8bd8 dege,
534087,2,487701,458270,2018-02-21 17:54:22,adad 6555 7aaa gcfc d616 27f2 5997 211g 327e 1468 g9ab g2gd,
534088,5,525705,520498,2018-02-21 17:55:24,dcdd 6275 4774 a14c 1111 78b5 dc6f b74b e764 c89c ag82 24ed,
534089,5,485305,532233,2018-02-21 17:55:37,cadd 826k 4f42 9abf 3d83 4f47 ec9j 662h e678 4871 b468 ggde,
534090,4,534037,533265,2018-02-21 17:56:02,9ca9 2527 7a7f 4f44 684d 1151 77ea 1565 26eo 6639 698b 61gg,
534091,4,523563,502918,2018-02-21 17:56:19,aacm 5272 7a67 14ma 6d61 b71d 7b99 6g71 2666 4i23 64bn bd2e,
534092,3,531104,519966,2018-02-21 17:56:42,9gd9 5828 7242 394c 861d d777 d779 1644 eb27 a99i 6cgb fgf4,
534093,7,526165,493538,2018-02-21 17:56:42,ccac 5675 2aaf faa4 1d1d 181k cb75 7bj2 8763 i864 agdg eggb,
534094,6,501950,513871,2018-02-21 17:56:50,da9d 2855 7742 124a 313d 7827 6ab9 b4b7 5e22 8463 96c6 cagc,
534095,8,534045,532608,2018-02-21 17:57:42,ddcg 688j 4a47 9aag 4d6i 7738 fedc 6651 438b 4233 ddg2 geae,
534096,4,468607,461195,2018-02-21 17:58:07,9d9a 7752 24af 41aa 6d88 8855 7fde 6667 6443 8272 dgfb ddgn,
534097,8,529081,534078,2018-02-21 17:58:07,cc9a 8586 a772 f1gg 6d44 3b27 56ce 6bbg 38ee 646c gbgd 2bfd,
534098,6,534033,533339,2018-02-21 17:58:49,adm9 8282 77a2 gcgn 143i 3378 9f9c 1166 823e 3869 adad aada,
534099,7,531370,531737,2018-02-21 18:00:34,aadg 7688 274a c4as 1313 2345 6996 62gb 3d8b 6331 b682 1g2o,
534100,5,532465,531591,2018-02-21 18:00:50,ccdc 885k a7ff f49s d8ii 4325 ef97 g127 8882 1ac3 daaa fbd4,
534101,4,533050,531972,2018-02-21 18:01:31,9add 5822 f227 1cab d361 2f12 d9d9 1b27 377d 4321 29da b22a,
534102,7,533930,532741,2018-02-21 18:01:31,adaa 7562 afa4 cfca 4k36 2557 dbbe 5b55 63g8 8793 fag8 dgeo,
534103,5,534024,515102,2018-02-21 18:01:48,daaa 5675 f67f 4914 6714 42f7 9de7 5gjj 4627 68c3 a848 dgeg,
534104,3,532213,529381,2018-02-21 18:02:06,9c99 5657 a7a4 a3gc 3d6d 7255 7693 b56j d53k 916c ab2g gcb4,
534105,5,533838,511738,2018-02-21 18:02:06,cdm9 7822 f7f4 1c94 1666 2175 cfe6 fg14 842e 4194 adgb ag44,
534106,9,531551,532873,2018-02-21 18:03:15,dddd 2858 27a7 acsa 3d18 f27d d6e9 5647 egee 917h 8b28 fe1a,
534107,9,443910,532918,2018-02-21 18:03:50,cdad 8258 22f7 49ga 186i 1115 cbdf 7772 877d 7233 99db gdgb,
534108,5,533249,532802,2018-02-21 18:04:43,9ca9 6578 6fff af4m 1441 1877 9f9f 14b1 6788 611i ba92 dega,
534110,11,520637,529488,2018-02-21 18:05:10,d9c9 2762 2424 ccaa d648 b853 9adc 5764 2886 6842 d4f4 124b,
534111,11,533937,491756,2018-02-21 18:06:10,99dc 8262 a222 44c1 1131 458f 595f r1r4 7e6d 7789 d9a8 d2go,
534112,4,533686,512180,2018-02-21 18:06:14,d9cm 8277 ff27 ggag 1361 28f4 97eo 6fg4 568e 3c99 f2gs 1g44,
534113,6,532062,532160,2018-02-21 18:06:39,cdd9 8282 ff77 fbb1 4dd8 2552 ed99 51gb 4777 7633 bbb2 be2a,
534114,5,527881,518596,2018-02-21 18:07:48,d9dd 278k 76f7 gfba 1666 3878 953d 516b b567 6426 84ap abgg,
534115,6,527505,509897,2018-02-21 18:08:11,ca9c 6665 47a7 2a19 81d8 485k ec5f g1g2 g632 a848 gddg 2feg,
534116,5,533093,424007,2018-02-21 18:08:11,c9dd 7785 7247 c4b1 d643 357d d7cd 7fkb 4857 2379 bbfb ged2,
534117,4,534092,533480,2018-02-21 18:08:21,9a9d 7826 a244 99cc 811d 8774 ddd7 1677 g727 16i9 9cbg gff1,
534118,4,533050,430412,2018-02-21 18:08:26,daad 256k 7427 9bab 14di f253 bd99 b152 233k 4421 bb2b ag2g,
534119,9,523669,522253,2018-02-21 18:08:44,dc9d 8668 a727 2313 4d8d 57b3 b7ef 7466 788b 8888 gagb 4fb4,
534120,8,531441,531763,2018-02-21 18:08:44,dcdm 7572 fff2 gfba 168d 7255 be77 b452 8467 2776 98gb aeca,
534121,11,533310,477346,2018-02-21 18:08:54,cd9m 8687 f7ff f1n4 d1ii 1757 6c99 2j61 836j 3788 9a92 dfgd,
534122,2,532106,533391,2018-02-21 18:09:24,9cd9 2726 4a7a 93a3 63d1 7182 c33f 8f51 3e36 2a88 b9ab ggdg,
534123,4,533771,512157,2018-02-21 18:09:56,cc99 227k 6f2f g1gc 6616 251d 79dd g544 4722 32c8 f8bs g4e4,
534124,3,534087,517979,2018-02-21 18:11:37,aaca 7575 a77a g4gf 6116 15f7 593e 4544 52be 4684 g8nb gg2d,
534125,2,369718,450584,2018-02-21 18:11:56,dacc 287j 4777 4f14 4d4d 5282 fcb9 526j 5786 8822 dbba dgeg,
534126,8,533477,334498,2018-02-21 18:11:56,acdg 8787 f74a ag9a 1461 3837 99ee 6177 3666 827i 6dam fggf,
534127,8,502518,531997,2018-02-21 18:11:56,adac 6577 f744 fb4b 8484 2818 ea9e 5bbf 3878 1342 dbdg dabb,
534128,11,533843,516489,2018-02-21 18:12:20,dccm j676 2a27 gc4f 1388 2458 75ce 5gr8 846e 8439 agan dbgg,
534129,3,497252,455608,2018-02-21 18:13:00,dcc9 2k67 fa7a b4aa d886 7477 fcdc 5226 8877 7786 abbd eggg,
534130,3,498610,532792,2018-02-21 18:13:20,ddda 7552 777a 99g4 31d8 857f ddd7 gf61 gd26 1789 ac98 ddge,
534131,11,469001,444357,2018-02-21 18:13:23,cd99 7788 747f bfaa 6d18 7578 ed79 4hbj 78i8 2748 daad gebp,
534133,2,111600,533654,2018-02-21 18:13:50,cdg9 8875 7f47 3f9c 6d16 7754 fccf 1b44 775g 4344 a8mc c1ce,
534134,10,533881,529473,2018-02-21 18:14:08,cda9 2882 aa72 gaa2 13di 2884 3937 6111 368k c3a2 bd22 6dge,
534135,11,533548,525584,2018-02-21 18:15:14,cddd 2k58 2f7a a4c3 4341 3733 7bff 86b5 866b 4488 abdb gdeg,
534136,9,534060,531329,2018-02-21 18:15:14,adam 2822 72f2 g4cs 138i 2248 9ff6 f161 8887 2c2m bdd2 e2ea,
534137,3,530829,528301,2018-02-21 18:15:35,dcac 2787 aff2 2ggc 66d1 1215 de7e 5584 3676 2848 8d22 b4de,
534138,3,533036,514679,2018-02-21 18:15:53,d9ca 8268 47a2 bcbg 6ddd db4d f59b 6g14 6788 414i ga42 eafc,
534139,3,523131,532460,2018-02-21 18:17:16,cad9 8686 2f77 49c4 1341 22d7 55b9 5g5f 3372 1498 9bgd ee22,
534140,4,534092,533480,2018-02-21 18:17:27,9gcd 7568 a244 39c2 861d 8757 d797 7677 g727 a983 6gcs 124f,
534141,8,523124,531250,2018-02-21 18:17:46,9c99 7257 a27a bcbq 6846 5774 e69e 8bgf 32e8 6118 6bgd gdod,
534142,1,526775,526831,2018-02-21 18:18:01,dg99 882k 6747 a3gf 36d6 81b2 6735 1561 e2bd 11cc 9d82 4646,
534143,16,533479,533947,2018-02-21 18:19:24,daaa 7825 47a4 c9bs d668 2144 dfee 65r6 g876 61h2 df24 dga1,
534144,6,534108,532889,2018-02-21 18:19:24,9cdc 6628 f6fa a1fm 8441 187b fd7f 144g 6788 c631 ag22 dega,
534145,2,521426,510767,2018-02-21 18:19:33,a99a 7726 7726 9acm 7634 b175 cdbo 11b5 7geg 93a9 cccc c2gf,
534146,10,532729,530526,2018-02-21 18:19:33,999d 7265 27f7 c1bc 641d 1kfk d9d9 61gj e7eo 9843 gbdn e22e,
534147,3,519071,526012,2018-02-21 18:20:06,cad9 2287 2472 11as 833d 2742 ddd7 11g1 87d8 8884 896d 4ge2,
534148,3,532049,531918,2018-02-21 18:20:57,gcaa 7656 24fa agaf 14d6 7555 795d f4b4 8538 874c 92cb ef64,
534149,9,480096,483223,2018-02-21 18:21:13,acma 7556 277a 4a4a 4648 7773 fcfd 5766 878i 4338 bbbd agbb,
534150,12,509264,522489,2018-02-21 18:21:39,ddda 772k 2472 ffa1 168k 8832 d97n 81bg 2773 79c1 99g4 dggg,
534151,7,517860,454824,2018-02-21 18:21:39,ad9c 8785 22a2 49c1 8816 751i c77b b442 68k8 942h bbas dadc,
534152,5,533379,513547,2018-02-21 18:22:14,dcd9 6552 a7fa a99c 4666 d77f dedo 6644 ek26 1384 6gs6 2gf2,
534153,11,534048,529812,2018-02-21 18:22:14,aaca 7825 f477 9bcf 6461 1144 6b6e 7776 5268 2844 ba9c fead,
534154,3,527088,455973,2018-02-21 18:22:29,g9d9 2822 f474 244n 6483 3f17 bf6c 1b65 5486 4177 ggf2 fegg,
534155,1,520560,451493,2018-02-21 18:22:34,9ada 5522 f2aa a1a3 d383 2845 6d63 75bb 532d c1c1 bb2b 11gg,
534156,14,446866,531979,2018-02-21 18:23:18,cddd 8778 f244 gagm 4616 5815 edfb 472h 6876 6i64 g9ag fbed,
534157,7,524873,526147,2018-02-21 18:23:43,9cd9 8656 7272 bb43 84d8 2152 ee7f gbb5 57bb 3727 6628 g414,
534158,22,533899,49719,2018-02-21 18:23:43,cccc 2667 2aa2 4afp 3666 85b5 779e g5bb 788d 3166 mman gdob,
534159,2,362091,526486,2018-02-21 18:24:10,9dcd 7667 f4aa 3fgg 86dd b5f5 eaef 625g 467d 3998 99a9 d4g4,
534160,8,533447,533161,2018-02-21 18:24:10,caaa 86k6 24ff cbcc 87kk bfbf 53e3 9591 gbkd a999 9g42 bg4g,
534162,1,523229,379175,2018-02-21 18:26:09,9a9d 8888 46ff 2c4b 474d 21b2 d6df 5551 4d64 68c8 d2bb b64g,
534163,7,191991,203148,2018-02-21 18:26:09,9ad9 6656 7442 g99a 4664 5378 faca 6b26 8578 6682 fdda acdf,
534164,6,460064,472671,2018-02-21 18:27:01,damd 2685 744f bbfb 8d88 188q 7e9m 71ff 6j78 8876 gggb bbc2,
534165,9,529282,527857,2018-02-21 18:27:01,dadc 8758 af4f 943a 338d 7288 ed5f 7225 8b7b 4188 98gb edgg,
534166,4,530290,467191,2018-02-21 18:27:47,cddc 8582 27ff bcbs 3d63 4425 7eb9 6261 8276 7ac3 daad adda,
534167,6,531961,255416,2018-02-21 18:29:24,c99a 8288 a4aa g444 416d 5844 fdbf 4755 4d67 2888 afgp gfea,
534168,6,528646,484657,2018-02-21 18:29:34,a99d 6688 4a74 a9bs 16d3 5844 7f95 1676 886d 8632 9gs6 gfg2,
534169,5,517757,437502,2018-02-21 18:30:36,acc9 8588 72f4 9fcb d461 d221 c9df 86b4 4878 3784 abf9 fag4,
534170,2,522925,484670,2018-02-21 18:31:35,cddd 6268 f4fa 943f 66dd f8d2 f56e gbg1 b8e2 2c89 ab88 gegg,
534171,1,480706,492919,2018-02-21 18:32:20,adad 6756 7af2 ggac 171d fddf e9d7 8g15 3d22 8943 448b e2eg,
534172,10,521714,532391,2018-02-21 18:33:48,cgcc 85k8 72af aa33 6118 11bh 9eef 4855 b8eb 3448 8b2g gd64,
534173,4,530673,530650,2018-02-21 18:33:48,adgd 5777 72a2 fafi d66i f737 7a9d 6112 884e c6c2 dd2f 6e6a,
534174,3,513310,309642,2018-02-21 18:34:10,daa9 6852 7447 caag 8611 1371 dd9e 87g2 7486 2384 6aba eag1,
534175,12,533456,502099,2018-02-21 18:35:08,a99d 5226 a442 2gg1 dd68 dd13 b559 4481 g72d 316q d868 412b,
534176,8,533372,533317,2018-02-21 18:36:30,acaa 686k 22f2 22bc d77k 2ffb 5e33 5995 gdeb 4ca9 9442 4b4d,
534177,2,492617,467012,2018-02-21 18:38:59,caad 6626 f727 fgcg 31dd 44d4 9bd7 f1g5 dgdo 1183 88m8 12gg,
534178,2,533551,452652,2018-02-21 18:39:11,9dcc 7868 6244 afac 8d83 4225 eced 7652 7488 9978 dgbb bggg,
534179,2,513806,517613,2018-02-21 18:40:34,9g99 7227 72aa c92i 61dd 54b5 5a7o b567 8d24 8c8c 66b2 f6a6,
534180,8,534099,532953,2018-02-21 18:40:34,dgda 25k8 7242 c9as 113i 2454 6966 66gg 3geo 69a1 2882 112a,
534181,3,531110,532013,2018-02-21 18:40:42,aaca 7756 f72a c1cg 376i 8bb2 cd3b b678 272d a178 9498 g2eg,
534182,6,533054,529830,2018-02-21 18:40:42,d99d 2678 7aa2 1nfa 646i b82f fec9 55j8 67k7 2186 9dbb geae,
534183,6,532403,525725,2018-02-21 18:40:51,da9a 8588 ff77 4b33 8686 2fff 6eff b161 7885 2278 ag4a 462g,
534185,5,532272,525110,2018-02-21 18:41:22,cddc 5665 faa2 49f3 dd16 f814 9eff b16b 877b a6c8 d64g 44g4,
534186,5,532674,198574,2018-02-21 18:42:00,ddgd 8827 7faf f1gf 6181 d275 edcf g1bb 3788 c6c8 2fgg de1g,
534187,12,532886,532286,2018-02-21 18:43:13,9d9c 2885 4224 gga2 48i1 5883 7eee b651 386b 1433 fdad g1eg,
534188,4,533686,512180,2018-02-21 18:43:29,aa9c a727 4faf ga1c 6631 218f 9eee 65g4 6882 3924 8das 1g44,
534189,2,314924,495111,2018-02-21 18:44:45,c9ac 7882 aaf7 9aag 461i 5fdd ed77 6g7g 6772 3418 aaf8 feee,
534190,8,525137,522780,2018-02-21 18:44:45,ddd9 662k 22af f9g3 7dd6 d4d1 7eff 1b25 787b 8388 2g2g bg6g,
534191,8,530594,524428,2018-02-21 18:44:54,adcd 2786 2f7a c33i 1411 3877 bd5f 5b2b 76be 8828 aaba gd4o,
534192,4,501917,498785,2018-02-21 18:46:43,c9dm 8662 2aff c1b1 86d6 122d 7767 bg75 gg8o 3811 9a88 eed2,
534193,4,533050,531972,2018-02-21 18:46:45,cadd 2868 22f2 c1aa d416 f122 dedf bg15 872d 4233 2d92 a24a,
534194,6,534108,532889,2018-02-21 18:47:06,acad 6568 fff6 a44s 1841 1f78 f99f 11g1 677k c683 dg29 eega,
534195,4,533771,512157,2018-02-21 18:47:20,acc9 6a7k fff2 g1fc 6dd6 5151 ddeo g854 486e 3c7h f2bg e1g4,
534196,5,532030,531957,2018-02-21 18:47:27,ccaa 886j 74ff bf4f dddi 73f5 7aee 58b4 833k 7183 bb92 6bae,
534197,5,534112,508466,2018-02-21 18:47:30,dcca 7788 ff7f cgac 1366 2822 967o fg14 22e8 7acm f8bg 1114,
534198,8,533163,521535,2018-02-21 18:47:38,cgca 5586 7772 1f34 6161 424b e6bf 1b71 g37b 7c88 gad8 ge2g,
534199,2,522477,509773,2018-02-21 18:49:21,a9a9 6785 2f47 44g1 6818 18fd 7c79 656b 2ed8 ac79 6688 g266,
534200,2,463308,30633,2018-02-21 18:50:04,9c9d 8228 f74f 4b9a 644i 312d edfd 14bg 8278 3848 dgb9 fegf,
534201,5,533838,511738,2018-02-21 18:50:26,gmd9 5228 f744 cg94 61d6 2877 c6eb gg44 4e2e 819c bdgb 2g44,
534202,2,455629,512502,2018-02-21 18:50:35,dacc 6756 2a24 44fa 11d4 3828 97f9 5b55 3747 7282 gagg dgoe,
534203,5,530748,459557,2018-02-21 18:51:47,d9aa 878k 222a ff4f 346i 8373 9ce9 f421 86oe 2728 bgd2 edgg,
534204,3,531685,481760,2018-02-21 18:52:11,9ac9 7277 7774 3gga 716d 5154 7b95 2551 6gde 8936 66d8 gg44,
534205,2,530909,482427,2018-02-21 18:52:11,acdd 8827 f444 2aga 1d66 4bb2 e6ee g961 e76o 48c2 d4dd 64gg,
534206,7,532999,527429,2018-02-21 18:52:19,d99c 5588 aff7 4143 6616 51f7 bf6f 117j 758b 88c8 d442 4ge2,
534207,3,271876,271497,2018-02-21 18:52:52,aa9m 6557 a724 ffff 6611 7357 cfd7 5451 4777 4464 fdag cefa,
534208,9,495617,530215,2018-02-21 18:52:52,9d9a 268j 6774 a3gi 66dd ffdd 6efb 8b11 823b 978m a844 gehh,
534209,9,527508,532680,2018-02-21 18:52:52,dcad 2758 2244 2gbf d18d 7774 dd77 1b75 4277 779c fada 6agf,
534210,6,529731,527348,2018-02-21 18:53:00,dccm 6565 77a7 9a33 6666 ffd7 9cef 1721 55bb 3c28 a6b2 4g4d,
534211,7,534144,532791,2018-02-21 18:53:00,9d9c 5872 7faa 9fan 8481 757b bd7f 144g 7767 a643 g2g2 ddga,
534212,3,523700,520253,2018-02-21 18:53:17,addd a885 2ff4 fc31 33d6 bb1f dd7f 6525 3428 3266 g4gb gg26,
534213,4,534092,533480,2018-02-21 18:53:17,ddad 5828 7442 3c4c 861d 8777 ed79 777f eb28 189i 6cbs 14f4,
534214,16,483294,496097,2018-02-21 18:53:24,aa9c 8765 fa77 1cnm 3d41 77b7 da9b gj54 84d7 3477 dffg eegf,
534215,1,532492,532452,2018-02-21 18:53:36,dd9c a872 44f2 f3g3 731d fbff c36d gb51 5gg2 4811 962d g124,
534216,9,475662,479007,2018-02-21 18:53:36,cddd 5528 2f24 gbb4 44d3 5875 ddae 1155 778i 6872 df9d ebbb,
534217,4,530895,502811,2018-02-21 18:53:36,cacd 2256 2fa4 af49 6661 4ddf 76b6 b158 5ed8 4a91 g688 22g2,
534218,10,533688,534149,2018-02-21 18:53:36,ac9a 8658 277a 4a4a 66d1 fd23 c7eb 5756 8827 3191 bbbd agbb,
534219,4,526548,526239,2018-02-21 18:53:57,ddaa 7885 f7a2 acaa 68i1 b284 ca99 g556 gk8g a849 6g2b egga,
534220,4,533562,472873,2018-02-21 18:53:57,9ac9 5826 ff24 fc4c 4816 d8hb bd37 2bb1 364e 861h 89fa bbdg,
534222,1,486345,451873,2018-02-21 18:54:52,da9a 5575 622a 99ag 7d16 b124 5bcf 6821 ge78 8118 b88g ed22,
534223,9,533176,507436,2018-02-21 18:54:52,g9da 28a8 774a g42a d36d 12f7 5dee 675g 8778 2a16 db6g 124a,
534224,7,531949,524480,2018-02-21 18:55:47,dddc 5886 4f44 3ff4 d3dd b123 9ff9 b8b5 db8b a388 d2ad 1d16,
534225,2,529181,521396,2018-02-21 18:56:06,g9da 6287 42aa 21gc 1313 bbfd 3396 1gg5 3b83 87cc 9d24 gg46,
534226,9,525056,522556,2018-02-21 18:57:06,acac 525j 747a 1bb3 d46d 311b bedf g57b 636b 1688 b2bb gdde,
534227,7,524643,534194,2018-02-21 18:57:18,a9cd 6787 f2f6 f44s 8861 1f58 c9ef g115 67k7 968a d229 feea,
534228,2,530138,472926,2018-02-21 19:00:18,dacc 7522 267a 24f3 6161 1582 77d9 8515 e266 4c33 98bb 2426,
534229,7,531365,531388,2018-02-21 19:00:54,ca9d 6655 277a f9bf 8648 3217 e9b7 bb51 784r 7672 ffgn dbgo,
534230,4,532318,532962,2018-02-21 19:00:54,a9ad 6768 4727 ffba 66dd 58b4 5576 5254 6767 7436 888d 61g2,
534231,3,530535,514297,2018-02-21 19:01:10,9d9c 678j 7742 affc d168 5ff5 b9f6 2645 g688 84c1 99nc eg44,
534232,7,534183,529349,2018-02-21 19:01:20,dc9d 5868 fff7 493a 6666 2fff 67ff bgb1 7888 9278 2gba 4g24,
534233,4,531259,512249,2018-02-21 19:01:20,99da a627 2744 bf4c 3d41 b74b dd39 615b 23d8 a138 48d2 baa4,
534234,2,533551,407684,2018-02-21 19:01:52,dad9 665k 6a44 afca 8738 4282 cdff f622 3683 9399 bdbb ddgg,
534235,7,504681,514041,2018-02-21 19:03:10,c99c 2857 4a4a c41i 7d8d 5b5b 66ff 5562 e678 2967 ddg4 cdee,
534236,3,526338,457424,2018-02-21 19:03:33,cdad 6687 7ff7 914c 1681 7272 e79e 6b55 8738 3678 9ddg egpd,
534237,5,530369,530054,2018-02-21 19:04:37,c99d 5865 444a f3b3 1d46 b12h bbef 1gj1 2ebb a444 9b9b gg64,
534238,2,500056,513150,2018-02-21 19:06:14,cdac 6627 a44a gfac 11d1 5fdd be7b 4g16 5577 6148 dd4d e2g2,
534239,10,492335,531783,2018-02-21 19:08:01,aaaa 2277 a4a7 aacc 8418 7287 99ce 6g6p 2846 6362 aaaa a221,
534241,3,528559,528923,2018-02-21 19:09:31,ac9c 2288 2f77 cgaa 8187 2521 ffef 6851 568g 486h g9bf egfg,
534242,10,532934,527448,2018-02-21 19:10:43,dcga 8587 f447 a133 681d 3275 efff 8751 g6bb 1278 4bg9 ee4g,
534243,5,505697,443425,2018-02-21 19:10:53,d99d 5587 a222 42ab 4611 2522 e9fm 5bj6 36ee 8327 abbd eegg,
534244,1,521929,521834,2018-02-21 19:10:53,g9d9 2776 4f7f ag33 7d31 8bff b777 666b 3322 9799 624b 4416,
534245,4,472903,443050,2018-02-21 19:11:29,caaa 685j 244f 1bfb 6848 2812 acad 5751 6336 62k2 9bdd dgee,
534246,5,534213,533409,2018-02-21 19:12:14,dcdd 7868 4a47 c3cc 161d 7777 edd9 g7f4 e2b2 a89i 68sb 1444,
534247,7,531873,530342,2018-02-21 19:12:14,accc 2678 f4a2 9gab 661i 87d2 779c 1157 3g7k 94i2 da82 d22a,
534248,3,445313,522432,2018-02-21 19:12:25,99dd 7875 f77f afaf 3811 8b42 6933 251j 837d cc36 6g28 afea,
534249,7,532068,257157,2018-02-21 19:13:05,caa9 287k f4f7 a4b9 6461 452d 79ef 46b1 38b7 7342 a6md beae,
534250,8,534206,529108,2018-02-21 19:13:05,d99c 5588 7af7 4143 6166 55ff b6ff 217j 738b 7878 a222 4ge4,
534251,8,534227,530093,2018-02-21 19:16:15,99cd 2788 fa6a 1f3a 886i bf54 f9ef g18j 8777 9a61 d692 eg2e,
534252,8,528632,528555,2018-02-21 19:17:25,ca9d 8576 2f77 4f33 d666 27f7 6ebf b22j 537g 8877 422a 46gg,
534253,7,531825,534088,2018-02-21 19:17:25,ga9a 6875 2a72 a41c 6d1d 7bd5 dc6f 81gg 4g64 c8c3 ag82 f41d,
534254,5,531829,495905,2018-02-21 19:17:25,d9a9 5268 a6a4 gafs 8d64 d8f4 f9de 56b5 7ddj 9862 8ad8 fdeg,
534255,12,533623,532943,2018-02-21 19:17:25,aa9c 5886 22aa ag11 8141 b511 bf7a brgh 6448 8726 fa44 epdg,
534256,7,534210,528470,2018-02-21 19:17:25,cmcc 685j f7f7 p933 6666 f7d7 cbef b1gh 8b5b 9c82 2b24 gg2f,
534257,6,440165,534203,2018-02-21 19:17:30,daaa 78k5 2a2a ffb4 3681 5235 99eb 1547 863o 8786 ggag gadb,
534258,4,526304,526535,2018-02-21 19:17:30,9dcd 2886 4242 4aa1 6dd1 b828 5a39 5562 gg77 8688 g62g ee2a,
534259,2,527318,422329,2018-02-21 19:17:44,a99a 8285 7274 fgfa d887 1777 6cff 25b4 586e a6a2 9ab9 42gp,
534260,10,521623,534095,2018-02-21 19:18:29,999g 8888 2447 aa4g d81i 718i feff bj25 74bb 4388 adgg geae,
534261,4,456004,344540,2018-02-21 19:19:07,9ddd 777j 7724 affm 3416 7375 eeo9 4414 5642 3762 cd9n agdc,
534262,7,469051,431573,2018-02-21 19:19:07,a9am 7876 a2ff a11g 6481 773i e7de 45j6 756k 3388 dbdd dceo,
534263,10,531425,531807,2018-02-21 19:19:07,dcd9 a7j6 2247 cfms d668 f57b e675 2867 54oo 24c2 dad2 e6e6,
534264,6,532486,205530,2018-02-21 19:19:07,9dd9 5858 2aa4 911s 1344 5d57 cfee 56b6 3886 ii64 2b2f geof,
534265,9,534176,534160,2018-02-21 19:19:07,caaa 66k6 24ff 2c2c 77kk 2fbf 53e3 9991 gkdb a499 g442 g4b4,
534266,6,534245,505595,2018-02-21 19:19:07,9aaa 6886 244a 1fbb 6846 2881 doed 5171 7736 26k4 fbnd dgde,
534267,3,533461,529694,2018-02-21 19:20:10,gg9g 2522 aff7 9aaf 6663 bf2f 33c6 65bg b72b 2283 b22b 4gb4,
534268,3,517054,486735,2018-02-21 19:20:35,9ccm 6752 6744 c4fb 3d8d 3482 cd5d 17bg 273o 4823 adfb 2222,
534269,12,529492,533112,2018-02-21 19:20:41,ccaa 7688 f444 9aga 368i b8k5 e5be 67rf 78eo 76a8 68fd bge6,
534270,9,532383,532151,2018-02-21 19:21:08,daaa 2jj2 477f 9fbs 8ddi 4142 d9bf g156 e782 7841 4448 eaba,
534271,4,252437,193263,2018-02-21 19:22:53,dadc 876k 74ff g4ba 444d 8757 e97e b576 7847 3448 fffa daad,
534272,5,516459,496466,2018-02-21 19:23:01,9dd9 225k 7a42 4aaa 4614 7585 efa7 7g27 d4ie 1199 cbdc 2eab,
534273,9,532209,509963,2018-02-21 19:24:04,9dca 7577 42f4 19c4 d3d1 141k d9mm kfgr g27o 18i4 agbn epde,
534275,3,519906,526556,2018-02-21 19:24:58,add9 8788 aa2f aa1b 1887 158d fc5d b674 576g 3426 aa8f 2g2g,
534276,4,523005,342850,2018-02-21 19:24:58,gcgd a58j f262 4abg 3d3d d777 c99e 7g75 6b84 8c8c 2aff g1g6,
534277,5,530369,530054,2018-02-21 19:24:58,99dd 8768 74aa agbf 736d 1dh1 3efe 11jf g8b8 4484 bb92 2gg4,
534278,5,532401,532766,2018-02-21 19:24:58,caaa 585k 4f22 12fn 4668 b825 bcc7 451g 367d 4163 bba2 egge,
534279,8,534235,505895,2018-02-21 19:24:58,cac9 2852 4aa7 4cna 7dd8 b5db 569f g65k 6878 1626 db6a cdee,
534280,5,534213,533379,2018-02-21 19:26:45,dddd 552k f744 3c19 164d 8877 ee79 6874 eb88 818i 6bcg df44,
534281,4,531796,462682,2018-02-21 19:27:11,cac9 7828 24a7 4f1m 63d8 b114 5dee 715f 3376 6761 abdb gdgd,
534282,9,525462,515111,2018-02-21 19:28:51,cdam 5576 4f7a f1aa 8818 3755 de77 5b67 8iii 8882 gbbd ggbb,
534283,3,529430,507310,2018-02-21 19:29:25,dagm 5888 f427 afcp 366d df74 75bf 4814 8688 6a64 g42c 1146,
534284,3,534122,529529,2018-02-21 19:29:48,d9d9 2726 2477 9a13 1331 7842 c33f fb71 338b 2194 9b8b ggdg,
534285,6,528530,484701,2018-02-21 19:29:56,99cg 5266 a4f2 fb9c 6111 d225 9dde 861b 47e3 9142 gg8g 2db4,
534286,5,532591,532856,2018-02-21 19:29:56,aaaa 6762 f424 2gcc 78dd fbb7 cb33 9551 5bed c149 9924 244g,
534287,5,498386,527815,2018-02-21 19:31:06,c9aa 7286 fffa fa1b 6411 11dh fcec 2528 6377 34h3 cbmd ee2g,
534288,2,531275,9154,2018-02-21 19:31:06,99dd 5655 a7f7 a44f 666d b727 bd99 7144 2e76 7886 dda9 g6fd,
534289,3,533461,529694,2018-02-21 19:31:06,ggc9 2256 ff4f 2c93 66d3 bff2 3b3f 65f1 g53b c7c8 b922 4g4e,
534290,2,533406,94214,2018-02-21 19:31:16,9cd9 5785 4444 g9ba 1444 5555 7de9 6426 5837 6232 gbdd ecdd,
534291,5,248837,298520,2018-02-21 19:31:44,9d9d 5855 4aa4 b1b1 4116 8355 bfd9 b2b6 5868 4873 dagf fecd,
534292,1,361078,509563,2018-02-21 19:31:44,cadc a866 477f 443a 16d6 875b b9dd 1b66 8478 3748 bdba 6e4g,
534293,8,439128,404819,2018-02-21 19:32:16,daad 85k5 affa 4f44 d84d 1525 7ef9 bj25 743i 8224 gbdd agdg,
534294,5,417531,419471,2018-02-21 19:32:16,dc9d 5775 f274 baba 1811 3775 fec7 716b 6687 2288 bfad dceo,
534295,3,467854,520247,2018-02-21 19:32:26,9dgc 2587 2af4 3aa3 1d61 f42d 76fd b411 ed78 1391 4aa4 214e,
534296,10,530172,529208,2018-02-21 19:32:26,9a9d 5778 f477 1f33 8366 3373 ffff 6418 34b8 4788 b94d edee,
534297,3,533588,527819,2018-02-21 19:32:26,9c9d 5766 aa47 9c33 13d6 7414 cfef 8765 237b 438a 2222 6dgg,
534298,1,440820,457570,2018-02-21 19:32:37,9adc 8255 4244 44ac d138 5214 797d 516g 7672 6184 gbdb 2b2d,
534299,3,517166,500841,2018-02-21 19:32:50,cd9d 8682 442a caf4 44di 5b44 7bf7 6665 85e7 4991 94d2 42gf,
534300,5,534112,534195,2018-02-21 19:32:50,cacm 6a7k ff72 g1gg 6d16 18f1 ddeo 8f54 64ee 3c9h f2gg egg4,
534301,3,530192,197402,2018-02-21 19:33:01,dc9a 7858 247f fgab 4611 5352 df7e b144 7677 4843 gfga cgae,
534302,4,533919,533729,2018-02-21 19:33:01,a9a9 7856 7f4f 4cmn 3844 1212 c3bb bg65 4737 1i24 d8ab bade,
534303,3,284134,533706,2018-02-21 19:33:19,9adc 6566 724a aabb 1111 2575 f99e b164 8677 6377 fg9d dfgf,
534304,9,530208,529152,2018-02-21 19:33:19,cc9c 5765 f747 p1a3 866d 22bf ffff 2j58 g8bb 47c8 ddb8 e62g,
534305,7,532089,346905,2018-02-21 19:33:19,addg 8875 2faa ffsg 4d4i 871d af97 7641 67b8 67c4 gfdc 1aaa,
534306,15,501886,501293,2018-02-21 19:33:46,9ccc 52jj 2a22 4aaa 4d84 7k7k 9emm 55rr 5o8o 6222 6nnn gfgf,
534307,2,529337,529170,2018-02-21 19:34:18,aca9 8756 7244 f9ac 6144 17b7 7ddf 6444 g5g8 7873 9cnc cee6,
534308,8,533515,522961,2018-02-21 19:34:18,dacd 2888 ff74 fgg3 6dd6 21b1 95df j156 g77b 7648 a8b8 24d1,
534309,25,478938,496405,2018-02-21 19:34:25,9a9m 527j afff gcaf dd68 151b fe96 5jgr 48e4 288i db4s gaho,
534310,2,531734,509967,2018-02-21 19:34:25,acdd a75j 4747 2gaa 1886 7b87 db7d 11b7 7dge 4184 bdd2 e4ee,
534311,2,500785,531708,2018-02-21 19:34:45,da9a 5876 f427 4aa3 6661 f448 9cfc 6g46 822e 88c1 6f9g 6ga4,
534312,4,526346,520364,2018-02-21 19:35:10,c9cc 8886 72aa fga3 d8d8 f751 9bff 722g 8587 82i6 gabb fegg,
534313,1,45250,380015,2018-02-21 19:36:00,9da9 7765 2442 bbgb 4411 5528 7de9 622b 543k 2868 ddga cged,
534314,1,532349,531762,2018-02-21 19:36:00,acd9 7268 2422 c193 66dd bfb2 33e7 95g6 22dd 9c4c 8482 466g,
534315,10,533659,528759,2018-02-21 19:36:16,cc9c 6678 447a 3a13 3116 7b72 edff 1451 3gb3 3438 c949 d4d6,
534316,28,16651,251584,2018-02-21 19:36:16,ca9d 8658 2af2 9af9 4644 8887 efef 4bbb 8785 473i fgff fbbe,
534317,6,529604,525818,2018-02-21 19:36:33,dddc 8766 7724 44aa 6418 5fb7 c735 25b5 24ee cc7c d22f 2dga,
534318,9,532215,528688,2018-02-21 19:36:56,dcd9 5675 7fff 3493 166d 72b7 7fbf b226 gg3b 8a3c g2da 6eee,
534319,7,529453,529903,2018-02-21 19:37:27,9aac 2852 4747 g4fc 13d1 5271 9oc7 gbf4 8288 8933 db4s ae4c,
534320,4,466025,269651,2018-02-21 19:37:46,9caa 7578 27a2 4pba d84d 7785 c7dd 6b52 747i 4332 gdag epfe,
534321,2,469615,493536,2018-02-21 19:38:14,dac9 6786 4f44 ffca 131d 4748 dfbd gggb g6dg 6939 6b9g 1deg,
534322,8,524123,528857,2018-02-21 19:38:14,ca9a 8572 2a4a b1a4 178d 3584 eb7e 5gbr 6o4o 843k aa84 edg2,
534323,27,223103,129137,2018-02-21 19:38:57,acdd 655j 7faf ggfp 1461 7787 7edd 44bb 5k58 4683 9a99 fabo,
534325,9,529282,527857,2018-02-21 19:39:24,9ccd 728a afff 9g33 143d 7128 ef5d 2225 58b8 1388 9bg2 dgeg,
534326,4,470521,532435,2018-02-21 19:40:10,d999 8572 2f7a 9ana 3444 188d d9c9 g767 63d4 6412 bdb2 24ad,
534327,4,534092,533480,2018-02-21 19:40:29,dga9 7682 af24 394c 16d1 7757 d777 1f77 gb27 1683 bcgb f144,
534328,3,462636,296246,2018-02-21 19:40:52,ccam 2685 ffa2 gbbb 6143 83d8 dc7d 4466 6g87 6414 bdaf aada,
534329,2,500785,531708,2018-02-21 19:40:52,ddaa 5785 4f77 afa3 1666 2f4d b9ec b1gg 2deo 1ac4 89g2 6e4a,
534330,6,513033,513063,2018-02-21 19:40:52,9dac 8758 f4a4 a9ff 6414 27i5 f7d5 22b4 6488 6829 ddgn 2gdp,
534331,16,522513,523752,2018-02-21 19:40:52,9ddd 78r2 2f2f fcqg dd18 dd2f fe79 11g8 e878 1471 6449 egbh,
534332,1,533287,532941,2018-02-21 19:41:16,a9cc a657 72f2 c3c1 161d 2b1d 36b3 6519 d623 914c 8828 gg24,
534333,13,526098,496580,2018-02-21 19:42:17,cadc 7272 74ff a4b1 8866 87kk 7beb rr5r 62e8 4172 bnbn bfbb,
534334,7,534138,534115,2018-02-21 19:42:54,ac9a 6665 47a2 2c19 188d 48k4 ec95 6gg1 6388 a188 gggd 2egc,
534335,1,530660,103693,2018-02-21 19:43:00,cad9 7678 fa44 g1gg 6d16 8bbf d9df 6124 4624 782c ag4a fg6a,
534336,3,530946,499983,2018-02-21 19:43:46,9cdd 6755 f2f2 abga 6648 8184 fe9d b165 66k5 2726 f9bg gdcd,
534337,8,532824,526255,2018-02-21 19:44:34,aadm 8776 7faa fgbf 1d16 5775 b97d 152b 868d 3668 abmb gbfd,
534338,5,409017,177442,2018-02-21 19:44:37,aa9c 5j6k 7fa4 4fff 1844 8757 79f9 6b54 7487 466i afga eace,
534339,6,513899,477298,2018-02-21 19:46:37,cc9c 2552 4a44 4f4b 1671 21dd f7db 685g 24dd 791h g48b e2eo,
534340,4,533919,533729,2018-02-21 19:46:37,acac 7865 777f 9cnm 3386 1242 7cbd 5b75 7ede 4147 a68a bd2o,
534341,5,531331,528646,2018-02-21 19:46:54,ac9c 6588 2442 c9b3 3d63 b8b1 39fd f84g 882d 4388 9bb2 gegp,
534342,14,504054,456630,2018-02-21 19:47:13,9a9c 577k faf4 24gn 6411 17f1 c99d b875 665i 482c faaa aefd,
534343,1,527982,527803,2018-02-21 19:47:28,ad9a a777 2f47 acg3 7111 fffd 6669 b65g bb6d accc b62d b264,
534344,10,530061,527333,2018-02-21 19:47:28,999a 5687 7247 f133 386d 4f47 a6ff 1b62 333b 4668 94db gee2,
534345,9,530361,521359,2018-02-21 19:47:28,a9ac 855k 24ff ab93 d613 32bb dfff 8571 63b7 3978 46bg g22d,
534346,10,532769,529879,2018-02-21 19:47:28,9a99 8878 a427 p133 6616 8378 edff 2611 b3bb 2438 dcdc 4ded,
534347,2,500785,531708,2018-02-21 19:48:17,a9am 5756 f272 af4m 6616 2fd4 9f5e bg6g 87oe a8c4 6fb2 age4,
534348,4,533311,509012,2018-02-21 19:48:35,cc9d 5662 7fa4 9cff 1164 b875 ebdd g144 d872 3768 68gc 2144,
534349,3,533461,529694,2018-02-21 19:48:58,ggca 2556 aff4 2c93 683d b2ff 3b6f 6b51 b2eb 2cc3 2222 4ebg,
534350,4,478159,530746,2018-02-21 19:49:23,dd9c 887k 722a 19ia 366i 7555 affe 6151 288d 6474 ggdd dg6a,
534351,7,527920,523030,2018-02-21 19:49:30,dgdc 88a2 ff77 fga3 dd16 52bb 7efe 545h 7e73 a698 agb4 6g1d,
534352,1,532101,483013,2018-02-21 19:50:38,gdd9 2226 6ff7 9cga 1131 bfb2 c959 1bb5 8d8e 7c76 2b2d d264,
534353,6,531736,498822,2018-02-21 19:50:41,c9dc 8856 4fff aa4f 111d 45d2 a7ec 82r5 e77d 9379 bdn8 eg22,
534354,3,514617,379919,2018-02-21 19:51:05,99dc a65j 7772 f14f 6d4d b8d7 5efb 66bb 5384 8741 96db 1geg,
534355,3,534122,529850,2018-02-21 19:51:11,gcgd 5762 467a 9fa3 6331 71f2 c33b f581 2b63 28c8 29a2 41gd,
534356,9,530756,531051,2018-02-21 19:51:11,9cmc 7782 727a ba14 8d8d d821 77c5 58gb g62e 4276 gbs4 eddd,
534357,9,528154,529000,2018-02-21 19:51:19,dg9d 6762 aaaa b33m 1448 2b87 ad7f 566b bk83 8281 b2b4 d622,
534358,1,531847,531602,2018-02-21 19:51:24,dg99 6762 7aa4 213c 3631 fd2d 66be 8b55 2bdd 88cc 2422 4b14,
534359,2,328727,516024,2018-02-21 19:52:10,dcac a67k a77f 241c 7166 f114 d9dn f68g 4477 4384 2f82 4414,
534360,8,530212,529263,2018-02-21 19:52:10,a99c 5668 f74f 9139 1646 1275 96ff bb72 6d7b 988c 6g2a fgg2,
534361,8,532830,530340,2018-02-21 19:52:10,9a9d 2258 7fa4 432f 86id 128f 59fe g628 7g7e 3126 bc82 da2g,
534362,3,496686,459691,2018-02-21 19:52:28,a9mc 77j7 a2a4 gfbb 8644 722i ec59 1622 87gk 3426 gdpf 2gce,
534363,4,522178,526881,2018-02-21 19:52:38,cac9 8826 4727 1493 6113 f177 7ffe 7fbg 37b8 1438 bbgb b2fp,
534364,3,529297,493247,2018-02-21 19:53:07,9gdg 572k 7af7 cccm 33dd 1481 d5e5 g855 dddo 9874 628b g2d4,
534365,6,533110,532160,2018-02-21 19:53:07,dadc 28k8 774f 49b1 741d 1882 7bda 566g 3783 7178 gb2b deaa,
534366,6,534237,530954,2018-02-21 19:53:24,c99a 6865 4a4a c3b3 1dd6 8dhb bbff 8f1g g2bb 4a84 96bb 6gg6,
534367,10,529243,529361,2018-02-21 19:53:35,ca99 5888 af7f p333 d8d6 5347 ffff 18j5 3777 6868 fdda 6geg,
534368,7,534194,520773,2018-02-21 19:53:46,aada 587j 7242 4aa4 8d4i 1747 f99e 121g 6467 c828 bg98 e2ea,
534370,1,524394,468014,2018-02-21 19:54:29,a9ad 8775 424f afcf 6316 2484 53e7 b511 eede 6144 698d 64bg,
534371,4,534299,330311,2018-02-21 19:54:29,ccdm 7687 424a 4cff dd44 8347 abfc 5265 8544 449h 4fdg 42fg,
534372,3,532677,533745,2018-02-21 19:55:17,aaca 5676 2724 acf3 11di f71f fecc 1581 5e48 2244 dd22 e2da,
534373,21,486111,475550,2018-02-21 19:55:33,dada 8776 aa24 9pcn 16d8 8812 afeb 626k 4467 4267 adb8 ebf2,
534374,2,509172,507644,2018-02-21 19:55:59,ddcd 6756 f7f4 29gc 166d 2d5d d6eo 76g7 gd66 61c2 bfg8 bdap,
534375,13,519568,517492,2018-02-21 19:55:59,9acm 7567 47f7 ag4a 76dd 2238 bbmm 16rr 75ee 7824 gngn eecg,
534376,6,530029,534185,2018-02-21 19:57:34,cd9c 5655 4a7a 33ff d16d 87f4 ceef b7bb 8887 a688 d4ba 44e4,
534377,2,500785,531708,2018-02-21 19:57:52,a9a9 5786 2772 a4mf 6661 2f8f c9ce 6ggg d7e2 1a84 98d2 26g4,
534378,7,519555,522602,2018-02-21 19:58:00,cdda 2777 27af 33a4 d6dd b222 ed9f bgk7 236b 6686 ggag g4eg,
534379,3,531229,521133,2018-02-21 19:58:00,a9c9 5828 244a aacc 66d1 b44f 5577 2g18 e232 8144 66b8 2222,
534380,8,530001,529242,2018-02-21 19:58:04,99mc a68j a47f fp33 61d6 ff27 6eff 1bj1 73g3 9881 2ba2 ggg2,
534381,2,534358,534335,2018-02-21 19:58:58,dga9 7678 7a4a 21gg 6d36 b82b d9ef 1865 2bd4 878c 2422 4f64,
534382,4,526548,527079,2018-02-21 19:59:06,cd9a 2865 fa2a 1afa 8668 3ff8 cd93 1556 8kdg 6a89 d6b2 egga,
534383,10,529565,440976,2018-02-21 19:59:45,9ada 5585 f244 f4bg 61i1 4511 36bf 6667 58e6 4241 9bdf fcae,
534384,5,534213,529861,2018-02-21 20:00:24,dccd 8525 f747 9c4c 681d f775 eda9 7774 d82k 8329 cccb f424,
534385,11,524632,518984,2018-02-21 20:01:12,ddc9 8888 7f72 agg3 1361 3843 ae3b 18b5 3748 6a48 f4bg fgee,
534386,8,530093,534227,2018-02-21 20:01:36,acad 6788 f6fa f1s3 8816 bf88 f9ef 5185 67kk 966a d222 geea,
534387,10,526616,534226,2018-02-21 20:01:36,acac 55j2 742a 1bb3 d46d 28b3 bedf b75b 6g6b 6818 bbab 1ddf,
534388,11,532472,528789,2018-02-21 20:01:51,9ad9 5888 f4a7 4fa3 d138 2347 aeff bj11 b33b 3338 fb99 eeed,
534389,3,528097,526329,2018-02-21 20:02:24,c9a9 7756 724a a3aa 18dd f752 cd3b 5171 5777 4838 9bbg 4bog,
534390,4,534372,533631,2018-02-21 20:03:18,dcd9 2776 4a74 fc3f 61di 71df f7c9 1g81 e547 1143 8922 24da,
534391,1,533629,531265,2018-02-21 20:04:45,ag99 7852 2f2a 2gcg d7d1 b12b d773 191g 86dd 1a18 4d22 b62g,
534392,11,517866,520108,2018-02-21 20:05:38,cddd 7575 4274 4133 1d16 7b77 99fb 2b8h 7648 9688 d8db g2gd,
534393,6,530954,534237,2018-02-21 20:07:19,999d a86k 444a fc33 14d6 8b2b be3f 8fj1 eebb a488 bb6b 64g4,
534395,7,511476,530567,2018-02-21 20:09:01,9ada 5677 fa24 1gc9 8813 5d41 dcf9 24hp 7842 6323 ga9g addg,
534396,5,530369,530054,2018-02-21 20:09:21,9d9d 5755 74aa faf3 7d34 11df 3bef 1gj5 edbb 4a48 bb92 g6g4,
534397,3,532677,533745,2018-02-21 20:10:40,aa9a 5766 72a7 aaff 4ddi 8713 eac7 8261 e86e 2328 9dd2 1d2a,
534398,13,533670,532396,2018-02-21 20:10:55,cgam 277j 4446 g429 436i 1717 bee9 6gb1 e8e8 4423 b2b2 2oea,
534399,4,530383,513902,2018-02-21 20:10:59,d9cc 8522 4727 afbs 7did 85d7 ded9 gg75 ddd3 3742 d2ab gb2g,
534400,9,534308,529026,2018-02-21 20:11:39,cgcd 2a58 fa47 fg33 6ddd 1d21 59df 5761 g777 7846 ab88 d1d1,
534401,10,498216,517021,2018-02-21 20:12:05,c9dc 8775 2a42 19c1 d1dk bbd2 9933 8555 22d6 m391 82b4 g2dg,
534402,3,534122,529850,2018-02-21 20:12:05,ggg9 2526 f6a7 afac 3661 1782 cc3f 755b e33b 7884 b6bb 1gdg,
534403,4,534299,240622,2018-02-21 20:12:05,ca9d 6658 27f2 c4ab 4ddi 3848 9779 6264 487e 98i9 9gdp c2ga,
534404,10,389776,533330,2018-02-21 20:12:41,ddac 58j6 42a4 b44b 4d6k 5f55 7dda 65b2 6674 7686 bb9a cefo,
534405,3,531104,498610,2018-02-21 20:14:41,dddd a258 77f4 39gc 38d1 5f47 7d7e fg74 g722 a494 g9g4 244g,
534406,2,87120,506352,2018-02-21 20:14:52,adac 557k 6277 9caf d416 5187 cbc9 1814 2627 9713 62gf dcc2,
534407,2,488221,466232,2018-02-21 20:14:52,addd 6882 4742 f4af 6d44 2524 7eac b5bh 2772 1481 g8bb gd2e,
534408,2,500056,513150,2018-02-21 20:14:52,ddcc 2677 a722 gagc 1114 77fd b7be 2461 8577 1648 dd4d edde,
534409,4,522178,526881,2018-02-21 20:15:04,ccc9 2887 24f7 a19a 6136 f712 dce9 7fb6 2g8b 1188 9bbg bg1g,
534410,3,502193,523684,2018-02-21 20:15:11,aam9 8722 f7a7 a14b 18di 75k5 7eco 2bbb 2777 7278 9bda geef,
534411,11,534242,530039,2018-02-21 20:15:26,dccm j588 f4f7 1a13 38d8 3272 efff 8185 673b 1387 4bf9 g4de,
534412,6,526717,526384,2018-02-21 20:15:49,ddda 6876 7f72 1bc1 1181 777d c66d 1885 e264 19ch ga62 4e42,
534413,4,534372,533631,2018-02-21 20:15:49,cc9d 6576 4774 aca3 613i 7f4f fecc 155b 7g88 1143 d922 e4de,
534414,3,446816,504159,2018-02-21 20:16:47,aada 5277 44a4 9a44 6dd3 3127 e7eb f15j 6667 7723 9agg gggd,
534415,3,491044,531104,2018-02-21 20:16:47,9ca9 2782 f744 9g4f 618d df77 7f9d gg74 3g76 6934 bggs 24e4,
534416,4,505322,503040,2018-02-21 20:17:03,add9 2257 4727 91cc 638k d745 dcbc f551 5de8 1932 gba9 1d12,
534417,13,532344,529720,2018-02-21 20:18:03,9dam 2788 f77f a13a 8ddd 4337 efff bb25 733b 8c66 gf4a dfee,
534418,6,534384,533598,2018-02-21 20:18:03,ccc9 5822 af47 9c4c 18d8 877d ee59 7174 e228 8892 c8gs 4244,
534419,6,532932,532810,2018-02-21 20:18:59,daaa 8667 4f4f 22cc d87k fb7b c537 9951 kgkd ac99 492d 4g4g,
534420,2,532561,300973,2018-02-21 20:19:45,9da9 2875 2a6a bffg 7166 854f 7eed 7g87 e567 9c86 ffd8 1aag,
534421,7,500787,496372,2018-02-21 20:20:14,9dc9 2752 6274 94gf 411i 7124 ccb9 b541 2edk 8464 dfbc c2pg,
534422,2,532106,533391,2018-02-21 20:20:47,99cd 2756 aaa7 a3ab 6d6d 1272 3c3f 6515 237b 4228 49aa 4ge4,
534423,5,511964,524722,2018-02-21 20:20:48,a9dd 2887 22a7 1aa3 dd6d bd74 56f7 115g 3282 9m9m 8bg8 dg64,
534424,1,533642,533622,2018-02-21 20:20:56,gdcd 6285 6f4a 3133 71d6 ff84 d7d9 915g bdee c4c9 b842 2144,
534425,7,531976,532259,2018-02-21 20:21:13,cagd 8782 4447 g9ag 341i 1822 9fec 111g 36b8 23c3 daas gaee,
534426,5,530128,464247,2018-02-21 20:21:13,adda 8628 7fa2 4acf 1781 2274 96fd 11f6 e867 2429 dbd2 262g,
534427,2,111600,533654,2018-02-21 20:21:19,ad99 7778 7a44 a1cf 611d f7f5 f9c3 2bb1 855g 474c agcm cce1,
534428,4,532751,507510,2018-02-21 20:21:26,aaad 5876 47fa b4an 6d61 7148 bff7 11b4 8268 4913 g6bg c2ag,
534429,5,533618,534166,2018-02-21 20:21:49,dd9c 6755 f2ff bbcs 333i 4455 9eo6 6441 3887 72ci dggd fdde,
534430,3,530829,528301,2018-02-21 20:21:52,c9m9 a677 faa2 g9ac 66d3 8125 d7ef 5584 6637 3244 c2d2 bge4,
534431,7,524643,534194,2018-02-21 20:21:59,daac 6787 ff6f fa4f 1841 1f78 c99e gg15 e78k 6c93 b2g9 eeeg,
534432,4,534328,395677,2018-02-21 20:23:21,dcam 2756 4fa2 bgfb 6464 83d1 dcdd 6766 648k 2824 bffb eaea,
534433,2,534335,534358,2018-02-21 20:23:21,cd99 6672 7a44 2ggc 3611 8f2f 6dbe 8b42 64dd 7c8c 2a4a 4g14,
534434,12,514128,497097,2018-02-21 20:23:38,c9ac 5252 f44f gbbb 4d88 78qq af99 55ff 35k8 8722 agbm dece,
534435,2,510598,505549,2018-02-21 20:23:59,99a9 5866 2422 4c91 1148 dd8f f5be 568g 58e6 9648 d4bb b12g,
534437,10,532913,534304,2018-02-21 20:24:08,cc99 7765 77f7 4193 863d 272f ffff 2158 gbgb 4788 dgba 6222,
534438,9,534198,534250,2018-02-21 20:24:08,9gca 5886 7777 1444 1661 254b b6fe b711 g33b 7888 aad2 egg4,
534439,5,509181,505558,2018-02-21 20:24:12,ccdd 5288 24ff f9a9 464i 44d8 996b 2486 dd2d 3168 bf82 fe42,
534440,5,528475,532889,2018-02-21 20:26:04,ccad 7758 24f2 14bn 8818 12bf fd7f 154g 37kd 3882 gd22 eege,
534441,3,533461,529694,2018-02-21 20:26:34,g99a 7526 afff a23a 663d fff2 3cb3 57gb b753 cc3k 22bb g4b4,
534442,1,530660,511979,2018-02-21 20:26:57,ga9c 7672 afa4 9g3c 7316 bd24 9dd3 f656 26d2 791c 92b2 b4g2,
534443,5,531973,206537,2018-02-21 20:26:57,da9c 7767 f624 4agb 8dd6 3837 e7e9 576b 646d c888 db9a ggag,
534444,14,527063,108676,2018-02-21 20:27:16,cdac 7655 2427 4mg1 d188 8784 c9da 162r 87j2 3638 8a8f ge2c,
534445,5,533249,532802,2018-02-21 20:27:19,9ada 7658 aaff aafm 6141 8457 79ff 2g1b 6876 7481 gb2f daag,
534446,9,493324,492068,2018-02-21 20:27:26,aacd 5856 274a aaa4 8484 7317 7fff 7577 876i 8848 9bdb gagb,
534447,2,500785,531708,2018-02-21 20:27:34,a99a 5756 f777 af3a 6611 24db cc5f 6ggb 87d2 aa8c fgd2 244a,
534448,13,531665,531682,2018-02-21 20:29:09,daca k822 26ff gfsh 861i b785 adab 2556 7g86 6131 d2da fead,
534449,5,533838,511738,2018-02-21 20:29:09,cdmc 7526 ffff 1c94 1d1d 2755 cfeb 414g e82e 4c49 agas 2a44,
534450,1,531602,531847,2018-02-21 20:29:44,g999 2856 aff4 29gf 3633 ff1d 33ce 8b55 32gd cc8c 922b 4164,
534451,13,450372,431248,2018-02-21 20:30:35,9cac 6j75 7ff2 gafp 4444 1575 cb9b 6752 6778 3432 g9gb fggb,
534452,4,466394,499053,2018-02-21 20:31:00,9aaa 7227 6774 fccg 4434 7728 e7fd g88p 838i 7961 abbd ed2a,
534453,5,534112,534195,2018-02-21 20:31:00,dcc9 6a77 ff22 g1fg 13d6 51f4 9dee 8gg4 65ee 3c9h f2bg 1g44,
534454,5,533618,534166,2018-02-21 20:31:22,9ddc 76k2 f7ff cbb1 33i6 7525 7e69 4541 3876 7a24 agdd adeb,
534455,12,526528,514511,2018-02-21 20:32:30,acac 5772 a7ff ab41 8668 7k12 m7mm 8rrg eeee 7866 dbgn gegc,
534456,6,534100,533852,2018-02-21 20:32:30,9cdc 787k 7fff f49b 4di3 2725 ef9f g2g2 8882 1a23 6aaa abad,
534457,9,534008,503414,2018-02-21 20:32:30,gg99 5227 ffa2 c4cc 76di dbf4 d967 gb5b e6d2 aa87 2229 4b44,
534458,8,520804,513546,2018-02-21 20:33:11,dcdd 8556 7622 bcc1 3136 7f5b 6eed 8768 g426 68k4 6b88 4144,
534459,6,516850,464091,2018-02-21 20:33:31,dc9c 6287 4447 1bab 1148 738q 9e79 5b2f 7538 8236 agbb 2b22,
534460,3,534422,529850,2018-02-21 20:33:31,ggdd 5556 faa7 aa3n 6d6d 2b7d ccbf 665b 237b 428c 94ba 4ge4,
534461,5,502350,534032,2018-02-21 20:34:41,cag9 7256 62a2 c1b1 d466 f5d2 db69 4424 d768 418i 2662 11e4,
534462,11,534263,533221,2018-02-21 20:34:41,9ddc a78j aa27 fmns 6486 f557 e769 gb76 7787 3466 aadb eaea,
534463,3,473366,364057,2018-02-21 20:35:10,ad9d 282j 42aa 4bfp 33dd 1854 e5ed 11j1 374o 2747 fgdd g2ee,
534464,4,512157,533771,2018-02-21 20:35:18,cccc 2a75 67f2 cfcc 6366 2511 79ed gg5f 42e6 48c8 f8bs g4g4,
534465,16,532331,481868,2018-02-21 20:35:57,accm 7757 42fa 4bb1 ddd4 251f be7s 7174 756i 371k 9abb bggg,
534466,2,532561,22903,2018-02-21 20:36:29,9dcc 5866 2f4a fbff 7464 bf84 cbc7 g667 78do 9348 d628 ead2,
534467,12,534121,534073,2018-02-21 20:37:20,dm99 2657 4fff f14s d11i 7142 6c99 2661 88ej 3788 9db4 dage,
534468,14,531377,531520,2018-02-21 20:37:20,99ad 7222 4aa7 g4sa 8d8d 4d51 dbde 22r1 6ed7 1446 ab92 bda4,
534469,8,525877,526271,2018-02-21 20:37:20,dgca 5722 7af4 g4ap 6111 7f17 66c5 b18h 46k4 43ic asda 2ded,
534470,10,525586,526446,2018-02-21 20:37:43,dadc 6876 7277 f933 168d 8f5b 7d9f 588j gdbb 8788 gaab 4dg6,
534471,5,510902,519853,2018-02-21 20:38:28,acdd 67k7 2af7 caa4 8683 1178 o799 577f 787k 837h d8bb dedd,
534472,4,533686,512180,2018-02-21 20:38:46,d99c 8a7k 44fa gga1 6661 2d41 dee7 f474 582k 8329 8dsg egd4,
534474,8,532708,529180,2018-02-21 20:39:14,dadc 6775 4aaa gias 3663 18f4 c5eo 8765 8e8d 67c8 d222 egae,
534475,2,422172,507045,2018-02-21 20:39:20,c9dc 6558 47a2 44cb 3168 1322 6bc9 bbgg 3ed2 3288 bdb8 b4g1,
534476,6,521271,514416,2018-02-21 20:39:52,acm9 6878 7ff2 f2bg 1313 77db c6dc 7184 822d 1384 26sb e4c4,
534477,7,532156,529952,2018-02-21 20:40:30,c9dc 5762 2724 fbca 16ii 74d7 c7fd bb41 8dee c432 d422 a11a,
534478,4,534092,533480,2018-02-21 20:41:16,cdda 5768 a44f 3c4c 661d d777 7ed7 1f44 7gb8 1683 6cbs ffgg,
534479,4,534001,514784,2018-02-21 20:43:29,a99a 5526 42aa c4cc 47i8 f5b5 7e7n bbb6 824d 893i 4682 1d2a,
534480,10,534265,533317,2018-02-21 20:43:29,aaaa 66kk 2f2f 2c2c d7dk f2fb beee 9919 gbkk aa99 g444 4bb4,
534481,9,529607,527321,2018-02-21 20:43:44,99da 8766 faf7 fa91 881d f473 fffa 2561 387b 1388 24a9 2gee,
534482,5,534217,479016,2018-02-21 20:43:44,accc 2676 2fa4 c912 6681 4d4f 76d9 b158 ge28 1a91 8g88 2g22,
534483,2,534335,534358,2018-02-21 20:43:44,dg99 7678 faa4 213g 6d16 dfbf 6dbe 6152 4bd4 88cc 242a bg1a,
534484,13,533341,527248,2018-02-21 20:44:43,addd 8778 7ffa 19a3 1d18 24i7 3faf b6hb 73bb 8689 4gga gfdg,
534485,13,438354,431860,2018-02-21 20:44:58,9ccd 6555 fff2 1gaf i411 5875 b7eb 5f44 4775 2338 dfaa ofoa,
534486,7,523434,519354,2018-02-21 20:44:58,acc9 556k fff2 4cgc 4316 754d e69f 7184 52d2 8c28 66s4 211p,
534487,6,534100,533852,2018-02-21 20:44:58,cccc 75kj 777f 4fs9 d8i4 4325 ebef 6g62 8682 1a72 ab2a fba4,
534488,12,534315,533443,2018-02-21 20:44:58,cadm 6676 4474 3aa3 d361 1b87 7dff jbb1 3gbb 3348 c94a fdg6,
534489,15,440068,530087,2018-02-21 20:44:58,addd 76k7 7762 f22a d8d8 d878 dfff gf44 864i 484a abbd cg4b,
534490,5,534452,523520,2018-02-21 20:45:11,a9ca 7227 7674 fccg 464d 7218 eef9 61p6 3638 7642 2dbb d24e,
534491,5,525195,534403,2018-02-21 20:45:36,aac9 6657 272f bcb1 66d6 1438 b9b9 2b57 6867 8992 9g8p c2da,
534492,2,442944,373350,2018-02-21 20:45:36,99ca 7688 247f 4ab9 88dd 5127 fdd7 b757 4447 2727 bgd9 cdee,
534493,1,531847,530660,2018-02-21 20:45:36,da99 7862 faf4 g33c 7361 fd1b 6b9e 9b51 2bdd 79cc 9222 2416,
534494,18,249783,282749,2018-02-21 20:45:48,c9dc 5785 7222 gpgb 6414 78k7 e7f9 77b1 k68r 6233 gffm acac,
534495,18,337722,359328,2018-02-21 20:45:48,c9cd 5786 447f fb1g 1161 5557 9c97 6441 748k 4866 dcdc ffaf,
534496,3,485958,508016,2018-02-21 20:45:48,c99d 6256 aaa4 fcf1 3311 8114 59ed bgg6 eedd 8718 644d 2dg4,
534497,8,524938,338176,2018-02-21 20:45:48,dcc9 7765 2aa4 91ff dd44 1722 dbfb 776f 4628 6444 ffcc deec,
534498,3,534122,529850,2018-02-21 20:45:48,9gdd 5222 46a7 a3a3 6631 7bf8 c3fb 85b1 2b36 c784 2b26 ggdg,
534499,4,524179,513224,2018-02-21 20:45:56,a9cc 8555 62fa 9fca 6863 8d41 9dd7 1576 2237 441c 88b9 c22e,
534500,23,486593,456875,2018-02-21 20:46:28,cadd 8k77 4774 affm d4id 177k fdf7 4426 3677 7636 cgaa egee,
534501,3,447055,519198,2018-02-21 20:46:58,c9c9 6526 2aa2 ffap 66d1 3755 ffbf b125 g287 6c83 bf9d dbd2,
534502,8,479378,518391,2018-02-21 20:46:58,9aaa 86kj fa22 191g 1411 5558 9b99 7266 8776 8388 g9gd cdco,
534503,6,512376,469919,2018-02-21 20:46:58,ac9c 6587 4ff4 agb1 1411 788q f97f 1bb1 7878 8686 gabb cebc,
534504,3,534433,519137,2018-02-21 20:48:56,cd9c 2776 7af4 4ggc 646d f8df 9eeb b642 63e7 a4c4 2dbb 66g4,
534505,13,534015,529248,2018-02-21 20:50:32,dmm9 7878 f4f7 4g1a 68d1 2325 73ff 17j1 3b3b 8688 dg4m ef6e,
534506,9,527278,518734,2018-02-21 20:50:32,9cam 2526 7aa7 cb32 6141 5258 7ccf b261 368b 6888 baab ff4g,
534507,7,534459,516280,2018-02-21 20:50:57,cadm 6657 4427 4b4a 6488 783q 9e99 52b2 7738 2636 adgb b2b2,
534508,3,529674,405364,2018-02-21 20:50:57,ada9 5657 2722 fb4a 88d8 2555 6bd6 4645 6776 7344 9gaa ggde,
534509,3,107029,237758,2018-02-21 20:51:00,d99c 7658 2af4 bbbp 4141 5755 9fbe 4472 5576 6848 fa9f fefa,
534510,2,528011,463016,2018-02-21 20:52:02,9gd9 2768 2277 fg1c 84d8 8251 beee 6b81 266d 72c1 a962 g2gd,
534511,11,534346,534344,2018-02-21 20:52:06,99a9 6877 2747 1f33 636d 3f47 edff 1661 bb3b 2636 4d9c 4dg2,
534512,2,534424,531483,2018-02-21 20:52:14,9dcd 6775 ff6a c933 6168 4844 cd7e 8116 76ed c489 d8b2 2144,
534513,2,483492,449030,2018-02-21 20:52:54,9c9c 6765 7ff2 af44 d81d d122 7ed9 5f5j 6ge7 9984 6g68 eb2o,
534514,1,524120,523436,2018-02-21 20:53:26,ggac 8258 7ff7 2a33 66dd ffd2 e65e 5611 53g6 ac9a 2248 6612,
534515,7,532113,457026,2018-02-21 20:53:26,aaaa 7885 aa44 91aa 633d 2317 e7dd 5557 86dg 7787 bg82 g4de,
534516,6,534423,530385,2018-02-21 20:53:31,999d 2868 ffa7 24ga d68d bd7f d6j7 1186 2e22 397m bbg8 dbh4,
534517,2,518604,204342,2018-02-21 20:53:38,caca 6825 72f7 4afa 6338 5547 aabe f1b7 4242 8633 fadb g2cd,
534518,12,135973,230043,2018-02-21 20:53:38,dd9c 8777 7a7a g9gb 6644 7777 7efc 1747 5668 6448 gdgf efcf,
534519,14,528341,530203,2018-02-21 20:53:44,dc9m 8522 4a24 414c 4716 277b dd6d fg66 e444 246c adds g244,
534521,3,416817,525322,2018-02-21 20:56:29,dcd9 675a 42a7 c4f4 83d8 227f f59b 25b5 7e82 76c4 8b22 g1g6,
534522,4,522178,526881,2018-02-21 20:56:36,99cc 2827 24f2 a99a 1161 fd17 7c99 8b6b 788b 1488 29gb b2fg,
534523,4,534496,478639,2018-02-21 20:57:35,ca9d 6255 a74a bf1f 3311 8171 9ffe 6f66 7ded 8716 644d d2o4,
534524,4,440168,502193,2018-02-21 20:57:54,a9da 7862 ffa7 4aaa 818i 4323 cdd9 1b2b 8774 8788 dabd gge2,
534525,2,111600,533654,2018-02-21 20:58:33,c999 7757 77ff 931c 1116 7757 c9fd 2112 7558 4374 f8cg dc14,
534526,20,517478,498552,2018-02-21 20:58:58,c9c9 8758 42a2 39fi 613d 5217 67j9 g62g 7584 8718 f4gb 2egd,
534527,6,443166,427348,2018-02-21 20:59:11,9ccm 6577 7a72 fa19 d188 1531 777c 1757 6668 4822 bddb egga,
534528,3,529511,456805,2018-02-21 21:00:21,9da9 8825 a242 fa1g d146 815k e5d9 4444 d762 171c 9cba ed6d,
534529,4,533650,521190,2018-02-21 21:00:23,gcc9 7288 2ff2 fccf 616d 4d8d 6ed7 6444 65ge 8c14 f62b 1d4g,
534530,2,499895,461916,2018-02-21 21:00:29,99dc 7772 64fa ccg1 d46d 4744 77c7 7757 6662 7843 9bga 2bbc,
534531,9,508747,508162,2018-02-21 21:00:30,9aaa 228k f227 411c 116i 81fb cece 5g86 e2e8 43m9 da4f egp1,
534532,4,533050,531972,2018-02-21 21:00:30,cad9 8562 2f7f 9aab d316 1253 976d b52b 327d 4243 b22b b2ag,
534533,5,533618,534166,2018-02-21 21:02:44,9cdd 862k ffff bc11 33d3 4245 76b9 5616 8882 7234 9aga fdba,
534534,3,531110,532013,2018-02-21 21:04:00,gada 5582 f422 c19g 47i6 814b 9ced bb6f 842d a319 4dd2 g2eg,
534535,2,532242,404842,2018-02-21 21:04:17,9aac 7775 f44f c24c 46d6 2bbf 7e37 526g 6267 4493 4b2d gaga,
534536,8,533110,532192,2018-02-21 21:04:17,da9d 8j8k 72a7 fb99 4d1i 8752 d7da 6661 e882 418c gdf2 gbag,
534537,2,501739,534332,2018-02-21 21:04:21,9a9g a587 72a2 cc31 d6dd 21bd a6b9 6g19 d874 9114 8g28 2g24,
534538,3,510103,268263,2018-02-21 21:04:21,cc99 8588 227a fb4m d444 38k4 cbc7 7b2j 878e 4292 aaaf eg2g,
534539,4,510263,465967,2018-02-21 21:05:03,dcad 8767 2faf a91s 3d8d d74d fd9d bb66 36oo 4133 ab8a ggb2,
534540,8,530134,521233,2018-02-21 21:05:03,aaca 68j8 22aa 99fc 361d 55dd e5ff bg44 3o77 3416 db9s ge44,
534541,3,527357,467183,2018-02-21 21:05:24,acca 6786 fafa 19ff 6483 8758 d7cd b6b1 782k 1262 99gg deaf,
534542,4,530858,523016,2018-02-21 21:05:24,99ca 6787 447a 4g33 7316 8d4b e6ef f85j 5bgo 41c4 bgb8 b664,
534543,9,314256,504716,2018-02-21 21:06:31,c99c 7626 faf2 f44a 17d1 8354 b9df 8811 6784 9733 69a4 2cdc,
534544,11,532072,531755,2018-02-21 21:06:31,c9ac 7a6a a424 9agg 7668 fbd2 dd76 8grr 78eo 7c88 bn8d ddeg,
534545,9,534247,534474,2018-02-21 21:06:49,dcdc 2678 4aaa giaa 3663 814f c97c 8157 g87k 97i2 2a82 d2ae,
534546,2,526405,259994,2018-02-21 21:08:18,cdg9 6778 4242 2gfb dd84 d37k 777d 6b2b e44o c94c bd8g aaaa,
534547,2,529957,141641,2018-02-21 21:08:51,ca9d 5265 4af4 9ggc 111d 7d57 95ed g1g4 g6d7 147c gfg2 bdfg,
534548,12,533434,477873,2018-02-21 21:08:51,9ca9 7226 76f2 c1gn d4i4 8314 a6bd 1166 46j7 2788 dgsa gdgb,
534549,9,527653,386644,2018-02-21 21:09:05,9acm 8566 72f7 aaa9 8643 2885 7eoc 5g12 3484 276k agag eedc,
534550,3,401993,528902,2018-02-21 21:09:05,99d9 7868 2724 a1ab 6864 7855 feef 8144 77k7 8436 fgfa af2g,
534552,8,525694,532166,2018-02-21 21:10:12,dgc9 857j 7f46 421a d8i3 5117 e9ee g6b1 6d8d 4163 ab48 g2og,
534553,9,534337,513363,2018-02-21 21:11:33,aacd 8722 77aa cfcc d8d6 5757 cb7d 212b e88g 6983 49m4 gbf4,
534554,3,532223,522481,2018-02-21 21:11:37,cgdc 2a25 a22a fgc2 1363 7b5d c93f 5g5g 6b82 449c 4226 gd42,
534555,2,527791,444052,2018-02-21 21:11:57,acda 6876 7227 afba 4643 5fb7 a7e3 b12b 6e84 6622 8bfa 1cda,
534556,1,533738,533934,2018-02-21 21:11:57,gd9a 6656 67a7 33g3 d766 1fdb 6ce9 6g9g 2222 1ccc 42b9 g162,
534557,1,533867,533813,2018-02-21 21:12:11,cg9m 5588 7f44 23ga d3d6 bf2b 679e 9g56 eb2e 44cc 4222 g462,
534558,8,530093,534227,2018-02-21 21:12:32,ag9d 2787 faa6 1ffs d861 1f85 fa99 1g8j 6k77 a61a 62g2 feea,
534559,4,515479,419270,2018-02-21 21:12:40,999c 6588 4a47 41ba 166i 755k aafd 5644 7677 3323 bbaa fcde,
534560,2,509226,508607,2018-02-21 21:12:40,99aa 8772 22af 441f 3381 1fb4 c9dd g1gg 522d 7448 9g88 e2d4,
534561,7,416993,31536,2018-02-21 21:13:23,c9cc 66j5 a744 4f44 18d4 8535 9777 24b1 7k88 2437 fagm eege,
534562,4,534349,525927,2018-02-21 21:14:03,agc9 7265 af22 fc33 ddd3 fb4f 6bfb 5b15 68bb 1cc3 f2b2 4beg,
534563,11,523634,525217,2018-02-21 21:14:55,9cd9 778k f477 9ff1 8d41 2857 7c79 252b 8666 6448 9dba gfeo,
534564,3,529381,532213,2018-02-21 21:14:55,9cc9 8527 2f44 ag4c 366d 2785 3b79 656j 6258 9ac6 cag2 cgcd,
534565,9,532725,531120,2018-02-21 21:15:02,dcd9 5578 7f27 fffs 4d1i 57d4 d6de 7665 e322 2138 bba2 gefa,
534566,8,524010,524893,2018-02-21 21:15:10,ccdc 5627 472a 9cpf d364 d5b7 65fo g86f 8254 178c 64s4 1cf4,
534567,12,530738,524986,2018-02-21 21:15:10,d9dd 8867 7a74 gfg4 1dd1 7k57 dcf9 2644 6777 3837 bfad eeee,
534568,2,534358,534335,2018-02-21 21:15:48,dad9 6778 a4f4 g1c1 3d11 fd2d d6be 16b5 46dd 88cc a422 4fb4,
534569,15,533945,510439,2018-02-21 21:15:48,a99m 7a62 aaa7 faif 1361 371f 69de 5855 423k 1aca bg84 ee1g,
534570,7,532590,204187,2018-02-21 21:15:51,d9cc 5678 7a4a 91fb 3144 737d 9c9f 657b 7577 4c64 2d2d bgao,
534571,2,497553,431749,2018-02-21 21:17:07,d9ca 2777 aa22 a4ap 3331 7885 7adb 4456 4geg a29h db48 cac2,
534572,5,534478,533409,2018-02-21 21:17:07,cdd9 6762 a474 3ccf 661d 8777 e7d7 gf44 7g82 1638 bcsb 1144,
534573,2,111600,533654,2018-02-21 21:17:22,cd9g 7875 7f74 aff9 16d6 f775 ff9f 4121 7758 4434 9acc dc14,
534574,9,528434,481708,2018-02-21 21:17:22,a9cc 8777 f742 ffgc 76dk 7833 9975 48r8 e46e 9436 9dbn dgba,
534575,1,531847,530660,2018-02-21 21:17:44,aad9 7882 a4f4 g13c 3663 bfdd dbce 9b15 2ddb 89cc d242 2414,
534576,4,530293,531648,2018-02-21 21:17:44,c9cc 877k 2a24 fb4a 443i 2ddd 7ba3 1156 3e4e 6469 8ga2 2g26,
534577,6,534100,533852,2018-02-21 21:18:22,9ccd 87j5 fa7f f49s 8di6 7322 eb9f 6162 8886 1ac3 6aba bf4a,
534578,20,264881,76658,2018-02-21 21:18:41,ddcd 777j f7fa ggga 6416 7577 do7d 6b6b 88k5 4638 9ffm cecc,
534579,8,534507,476877,2018-02-21 21:18:49,dada 8587 4f44 b1ba 641d 88q8 99e9 2b2f 7883 6287 abgb c2b2,
534580,10,525815,534021,2018-02-21 21:19:30,acaa 6657 2a2a 9233 46dd 7bk3 5fff 6g7g 8b66 4888 fgg8 bg4f,
534581,16,533608,530203,2018-02-21 21:20:15,gg99 8822 a44a c14c 6114 77b7 ddff f644 2244 2c99 adss e144,
534582,3,509235,514725,2018-02-21 21:20:24,aaaa 8222 6af4 494c 438d d722 65df 1161 3g34 24i4 8fd8 2ee2,
534583,6,530437,534491,2018-02-21 21:20:29,acg9 6656 272f 3cfb 66di 343k 9a9b 7b7b 7272 2992 4b8p 2d24,
534584,14,532307,524261,2018-02-21 21:21:40,accc 8228 2777 2f3f 4dd1 37b7 bbff 4666 8b7b 6888 ggag g4fd,
534585,2,534424,531483,2018-02-21 21:21:40,gdda 6278 24aa c3c4 7168 f8f4 d7d9 98g5 67ed c893 b882 de4o,
534586,3,393338,503479,2018-02-21 21:21:51,9dcc 6558 a447 g4a4 141d 8225 affe b724 5467 2288 bdgb gbgf,
534587,11,514523,306460,2018-02-21 21:22:02,addc 757k 24a2 a4f4 144d 8575 77ed 15j4 57j8 7228 dgga ccdf,
534588,3,527388,523686,2018-02-21 21:22:02,d9dd 87j5 7722 9a3b d8d8 1217 e3ef 7616 7284 a444 b2aa gg14,
534589,2,455169,272908,2018-02-21 21:22:05,a9dm 5257 a7fa g9ag d8d4 7844 defa 5271 6672 1683 9bgp aec2,
534590,16,507875,399571,2018-02-21 21:22:26,ca9c 6685 2774 b9fm 66d1 8185 fdfb b761 7687 9864 pdga eged,
534591,6,439791,517764,2018-02-21 21:23:39,cada 5555 a44f agf4 6481 71ff 3eaf 7525 66e4 6748 bd2d edde,
534592,4,534349,525927,2018-02-21 21:23:39,a9ga 5765 7a22 fc33 ddd8 b24d 6bbf 6b15 b2bb 12c3 2f22 4eb6,
534593,20,530524,497416,2018-02-21 21:23:56,dd9m 6522 a742 ag1a dd6i 48fd d9f7 654b 7db6 a489 g442 beh2,
534594,7,403594,430037,2018-02-21 21:23:56,cm9m 7867 f72a bbbg 6161 5777 fdee b722 778r 2764 b9b9 ebnc,
534595,43,532693,288066,2018-02-21 21:23:56,9a9a 6677 f242 fg9f 36di 7325 ebef 4745 86g4 6178 f6fa ceeb,
534596,4,520622,506678,2018-02-21 21:24:26,caac 8687 2af7 fffn 6646 3388 abd7 b17r 6476 7923 b98d 2ddd,
534597,3,533461,529694,2018-02-21 21:26:21,g99a 2226 faf7 acfa 1636 b2fd 3c6c 7b16 bg7b 273c b9a2 g444,
534598,3,527782,507947,2018-02-21 21:26:32,ddad 2578 aa2a 3a1f 1636 44bf b3ec 8fb1 6do6 a99m 298d 1e26,
534599,3,528760,524775,2018-02-21 21:26:52,g9c9 252j faaa c1ga 6d6i 2f43 6d99 155b 7844 6129 6ggb 1gd1,
534600,1,533867,531265,2018-02-21 21:27:14,caca 8558 4647 2g3a d61d 822b 63be 9116 8ged 4984 4682 g2g2,
534601,7,526170,522420,2018-02-21 21:27:29,gddc 8252 7f24 bfa3 1366 284k dedb gg86 4876 8c13 p9gb 4o6c,
534602,1,532941,531762,2018-02-21 21:27:52,ccad 6676 247a 1c3c 6d16 bfbb 699b 6g15 232d 194c 8848 4164,
534603,4,531510,531412,2018-02-21 21:28:39,cddc 565j f2aa fcfg 36d6 8b45 7969 455b 2336 8982 9b2d 1f16,
534604,1,533622,532349,2018-02-21 21:29:02,9dd9 2785 af2a c1gf 66d6 8f14 de9d 516g dddd c794 d842 4164,
534605,16,512665,519380,2018-02-21 21:29:33,ac9a j277 f2a2 44a4 1636 427k 597m 151r 238o 4312 6bnn bggd,
534606,1,533642,533287,2018-02-21 21:29:33,gd9c 2687 22af 3g1g 131d f2fd 7ee5 966b bde6 8cc8 848b 624g,
534608,1,533813,533629,2018-02-21 21:31:36,dc99 7662 fafa ccag 76dd b2bf 7d33 986g 68ed 8cc7 28b2 4g64,
534609,2,500785,531708,2018-02-21 21:32:14,aa9m 5885 4f72 aafm 1661 2f48 b9ce 616g 8deo 18c4 6fd2 26ea,
534610,12,494828,384196,2018-02-21 21:32:28,adcc 7285 a7af abf1 1i76 1751 c9a9 1642 28d8 a214 a9as eadf,
534611,2,382664,175632,2018-02-21 21:32:52,aa99 5786 4777 44a9 4d1d 2285 a7bf 125h 4744 3668 abfg cggg,
534612,2,529717,533152,2018-02-21 21:33:02,c99c 2265 62aa ac33 d3dd 8b2f 3ee3 gg91 83go c148 82d8 1426,
534613,3,421204,514019,2018-02-21 21:33:32,9a9d 8722 f27f 4cbf 8d11 7712 d9b9 1fh6 333k 3838 bgbg d2oe,
534614,18,524948,519476,2018-02-21 21:33:52,agc9 5657 4742 f31f 1114 55d7 ec7e b86b 87k7 1931 29a8 cfe6,
534615,2,459482,529256,2018-02-21 21:34:47,accd 2522 aa4a f4aa 1838 8b47 ec55 5g65 d3g8 1113 ggag d2ee,
534616,1,533934,533738,2018-02-21 21:35:13,gda9 6566 7244 3cga d76d 2fbf 5e99 9g65 2222 1c7c 94b2 g662,
534617,6,528473,528554,2018-02-21 21:36:12,dcag 6725 a742 aaia 6136 14f3 7335 f86b 6686 c446 8fb8 2g64,
534618,12,529256,503355,2018-02-21 21:37:44,cmad 5555 6a4a fgf4 d811 5345 57e9 2111 d772 3143 afgg efao,
534619,3,533879,458390,2018-02-21 21:37:44,da9c 8587 242f 1g4b 6d14 8885 c7ed 55b2 3464 2388 gaaa eege,
534620,4,523335,527514,2018-02-21 21:38:08,ddc9 87j8 aa2f g1fb 6461 4712 9ce9 8156 3dgk ac88 ba42 gggg,
534621,22,352202,443400,2018-02-21 21:38:25,cc99 857r f7f7 941b 4464 7537 ebfs 2b26 647k 64i4 gb9p dcbg,
534622,4,528878,525221,2018-02-21 21:38:38,dcdd 7555 724a a1b3 7d6d 28d2 3cee 5f5j b27d aa14 4992 2414,
534623,19,532973,499509,2018-02-21 21:38:38,9add 7855 7aa4 s9b9 6384 31k7 aemm 2b8r 68o2 4411 b8nn gbgg,
534624,1,524870,2693,2018-02-21 21:38:58,dg99 7887 22aa gcca 4166 7bb7 e3fd 8151 5688 c481 b9dg b6cc,
534625,3,529168,534615,2018-02-21 21:38:58,acaa 2566 4a4a f41f 1831 2b74 ecd9 5gb5 8g28 17cc 94ab b224,
534626,13,349993,445976,2018-02-21 21:39:02,ca99 58k7 2427 914f d41d 7387 ceee 5745 744j i466 cnsa aggp,
534627,4,283660,255897,2018-02-21 21:39:06,dccd 8667 27a4 a9ap 46d1 7775 bace 1667 8446 6342 d9pp eaaa,
534628,3,418712,377705,2018-02-21 21:39:06,99dd 857k 44ff fbba 8144 5155 a97f 2b74 3776 7226 dbga cgdo,
534629,10,528054,524401,2018-02-21 21:39:06,dd9d 277r 4677 c333 1346 b5b5 a59f 11gb 83kb 888c bgb8 ggg2,
534630,3,533440,464835,2018-02-21 21:39:39,cdad 7277 272f fc1s 6681 1d58 b75f g155 g877 3a13 d922 b224,
534631,2,534142,533152,2018-02-21 21:40:31,c99a 8625 64a7 2g3c 3166 82bf 3775 g111 8edb 1c18 d928 4626,
534632,2,463000,525789,2018-02-21 21:41:41,a9da 5655 267a f4cn 6d31 485f db5d 1b55 g872 a844 9da2 b4ee,
534633,19,522724,530284,2018-02-21 21:42:33,da9g 7766 422a 4b33 4d43 5d53 9ed7 rb5g 3888 989m bbgn cg22,
534634,1,532996,509238,2018-02-21 21:42:33,gcdd aa26 f77f gfgc 6d6d fbbb 5699 61bb 55e2 c871 66bb 146g,
534635,14,533656,533157,2018-02-21 21:43:39,9d9a 8758 aa4a g1a4 1d6d 4h12 eff3 81jh b3bb 3868 gbgd ggg6,
534636,9,534160,534176,2018-02-21 21:43:39,caaa 866k 2f42 2cbc 78kk fbfb 5e33 5991 gebd 4999 9444 g44g,
534637,1,529950,529748,2018-02-21 21:45:08,9ac9 a626 aff4 g3c3 7d31 bfbd 5e5e 1g1b eg28 47a4 b242 1111,
534638,4,534001,514784,2018-02-21 21:45:08,9gad 5262 2a42 4ccs 7468 58bb ebdn bbbh 8422 c133 6488 122a,
534639,9,534558,530340,2018-02-21 21:45:20,9gad 8278 6a6a 43f2 d841 128f fa9d 1g8j 6g7e a164 6gg2 efea,
534640,3,514725,509235,2018-02-21 21:45:49,daac 5822 6fa4 g49c 348d 2f72 6bef 1151 3344 423i fd8b gd2b,
534641,3,534205,524245,2018-02-21 21:46:22,ac9d 8587 f4a4 2fga 1d66 4b52 5cee 5212 678o 8424 96ag 64gg,
534642,6,530600,497670,2018-02-21 21:46:25,9daa 5677 74f4 ccgf 66d6 f4k8 975e 26g5 7d77 9712 49gd 1c2c,
534643,1,531163,530645,2018-02-21 21:46:48,gadc 8572 44fa 3ga3 1d1d ffbb 6e63 19gg 85eo 488c 2828 6424,
534645,9,509098,528403,2018-02-21 21:46:49,99ac 7776 a77a cc4f 61di 51kk 799m f8rj 7ege 24k1 gg8n egeo,
534646,4,506904,517941,2018-02-21 21:46:49,dd9g 2a82 6a77 4cg3 d33d b2db c597 5g1g 33gd 1939 6d22 26d1,
534647,9,527425,534386,2018-02-21 21:46:57,ccaa 577k 767a 3fff 8134 1f88 ecde 5615 76ek 96a6 d2c2 eg6a,
534648,4,372902,489574,2018-02-21 21:48:13,99a9 6658 f7a2 4a4f 3886 47d5 e999 62r6 8664 2387 ggmb dgga,
534649,3,522934,492602,2018-02-21 21:49:19,cd9d 5872 2a22 aanb d884 2852 777d g1g7 g387 2217 d6bg gded,
534650,1,524367,466452,2018-02-21 21:49:34,adaa 5265 7f72 caa4 7136 84d4 b3bd 1gg5 5d62 6438 2bb8 bg44,
534651,7,497923,496712,2018-02-21 21:49:57,9acc 5775 267a g2gm 331d d77k bfm9 45r6 7277 893h 68dn gccf,
534652,13,532086,531090,2018-02-21 21:49:57,9adm 8662 2477 9bf3 6664 d2b5 5fff 5672 d8bb 8388 g8a2 ggg4,
534653,15,532283,528065,2018-02-21 21:50:29,ddcd 5626 777a a1g3 dd63 38b4 e73f 111b 4483 7468 bbdb 2g6d,
534654,4,532061,529707,2018-02-21 21:50:57,d9da 2226 4a6a ffaa 1616 8f27 edd7 1556 3d64 2264 dddb e2pg,
534655,7,533425,491279,2018-02-21 21:50:57,dd9c 8828 ffa7 4c9s 66d8 41ff 763e 667f 8edo 7177 9b2a egga,
534656,9,454363,512468,2018-02-21 21:52:10,caca 688r 242f 4441 4638 5125 99n9 5712 4g48 288i gb6g e1e2,
534657,5,534112,534195,2018-02-21 21:52:46,c9c9 6277 ff27 gggc 13d1 2554 7e9o 6f44 4856 3c99 f2gg 1g44,
534658,4,520397,518730,2018-02-21 21:52:50,dd9d 5878 764a c4g3 3176 88bf 9b9f b255 7d8b a384 gd8g gg4g,
534659,9,532708,530929,2018-02-21 21:52:50,d9cc 8778 42aa gasi 13i3 18f4 cef9 8652 8d7o 6748 d822 eeae,
534660,2,532278,526363,2018-02-21 21:53:36,ccad 7272 fa47 b3ff 31d6 1f42 733f 5f11 3deb 2a18 2242 4416,
534661,4,93601,115420,2018-02-21 21:54:02,ddad 6867 fa27 fgbf 4646 8878 bbd7 7266 7687 3328 df9g bcda,
534662,9,534540,523743,2018-02-21 21:54:02,acca 688j 27aa cffc 3133 75d7 759f b247 322o 3414 d98s gcd4,
534663,5,534464,534430,2018-02-21 21:54:02,cccc a275 6f27 ccfc 6663 2511 77ed g5g8 4626 4c84 82d2 bg44,
534664,12,524577,530656,2018-02-21 21:54:27,gd9c a68j a2af 9199 4116 fk77 373b g4h6 8e8e 6246 c2dd gf4d,
534665,1,15359,11425,2018-02-21 21:54:34,dcdd 7787 aa47 afaf 4616 7757 fdf7 7646 8887 4344 9gag fcaf,
534666,8,534601,517457,2018-02-21 21:54:38,d9cd 8j52 7ff4 fb4i 8k68 287k dedf g786 7373 4c13 pcb9 co6c,
534667,5,373440,527893,2018-02-21 21:54:38,9agd 5587 f7a4 gb1g dd46 bbf7 abdb b655 d87b 7478 g2ba 24d2,
534668,7,534459,516111,2018-02-21 21:55:43,cc9c 6872 f44a bbb1 1111 78q8 7f79 b25f 8538 6326 bbbb 22bd,
534669,6,534384,533598,2018-02-21 21:58:23,cdd9 8755 4444 9c49 111d fd77 9e5e 1g74 d82k 6829 c8gs 4424,
534670,2,529004,529589,2018-02-21 21:58:32,9ca9 825j a742 aacf 7166 7f24 695f 4446 7685 4743 2cbb c414,
534671,2,530909,448194,2018-02-21 21:58:32,9gcd 682k a24a baff 186d b22b 7679 5gbh 637o 8c8k adag ge24,
534672,8,534099,532953,2018-02-21 21:59:05,dgdd 86k5 7a24 c4a9 181i 2fd5 6699 6626 d38o aa31 b8b2 g1oa,
534673,2,534643,486044,2018-02-21 21:59:43,aad9 8722 447f 3agg 11d6 ffb1 6e63 b91g 58ee 648c 284b 4222,
534674,4,512157,533771,2018-02-21 22:00:19,adc9 6a7k fff2 fgac 6dd6 2141 7dde 5g5f 4278 8371 c8s2 gg44,
534675,5,534539,531546,2018-02-21 22:00:19,9cdc 778k fff4 aba9 38id d845 99d7 4466 3o68 4212 gb8m fgb2,
534676,3,534535,532604,2018-02-21 22:00:46,9ccc 7276 f44f 224c 4876 bbb2 7e37 965g 665e a493 4924 2a6d,
534678,3,439855,490192,2018-02-21 22:01:00,9dad 7788 7a2a fbaa 348d 147d cdf7 57b5 4788 413k fb9d egeb,
534679,1,498382,495774,2018-02-21 22:03:01,d9dd 8666 7a22 ffcc 33dd b2db 76cd 8855 g8d2 1a49 6b68 b144,
534680,3,379191,398055,2018-02-21 22:03:15,c9c9 775r a44a gf49 6841 1752 acd7 6745 8777 4436 ggba egef,
534681,4,525219,474631,2018-02-21 22:03:15,gddd 8a5j ffa4 9b1s 6d8d 7421 ffcd b66g 337d c174 a29d fe4g,
534682,9,529282,527857,2018-02-21 22:03:15,dc9d 8k8a 7fff 49a3 6314 7188 d9ff b224 487b 8148 b8gb gegd,
534683,2,531669,533152,2018-02-21 22:03:48,cd9c 6655 6a27 ga3f d31d f18f 6eed gg1g 8gee 9118 84d8 1424,
534684,7,526304,534144,2018-02-21 22:04:02,9cad 6688 424a 141m 48id 811b ad9f 146g 6888 c681 ag6b egga,
534685,1,469530,108109,2018-02-21 22:04:35,c9dc 8267 a67f bgbc 4d68 758d 97co 8427 4g48 7189 f8da befd,
534686,6,533981,532231,2018-02-21 22:04:35,dd99 8222 f744 1fs9 771i 7378 ebd5 2771 7d87 1299 ba22 eaa1,
534687,19,165039,126026,2018-02-21 22:05:28,999c 5785 44a7 gbaf 6641 557k cfee 777b 687k 3476 fffp cabc,
534688,1,509182,511408,2018-02-21 22:05:28,9gd9 6882 6244 9afc ddd1 24bd 799d f561 e6ed 978c b422 b14g,
534689,2,533503,534556,2018-02-21 22:05:28,gcaa 6676 fa74 gfcg 7666 1b4f ce37 669g 5222 ac97 4b49 6612,
534690,6,533764,521490,2018-02-21 22:05:28,99ad 856k 47a2 1cff 61i6 7884 f775 2542 3266 2686 9fg8 cdca,
534691,8,534667,523797,2018-02-21 22:05:28,a9gd 5265 f274 993g d164 b1b8 bfd6 55bb 87b4 3178 bbbb g4d2,
534692,4,488415,534619,2018-02-21 22:05:52,dcc9 8585 227f 14gf d31d 8485 eced 58b5 34g6 2138 g4b8 e22g,
534693,15,476097,518617,2018-02-21 22:05:58,addc 8575 2624 c4aa 684d 5dbf ec79 87b1 6d88 4944 pdgd b4ee,
534694,4,497320,519002,2018-02-21 22:06:37,9cdc 7775 afa7 1g4f 1d16 3152 eebc 4521 66k8 6344 9ab4 dfgd,
534695,5,533618,534166,2018-02-21 22:06:37,99cc 6782 2fff bb1s 3d63 4785 76e9 6441 3882 7c23 aadd fdba,
534696,3,534634,338854,2018-02-21 22:08:09,gcad 7666 f42f 11cp 6d4d f55b fe97 2b1b 6652 8721 dfgb 41ec,
534697,1,65863,475039,2018-02-21 22:09:03,a9ca 7827 aa42 c1ff 3666 2524 c6fd 6162 76e7 2782 dbfb 2dcd,
534698,10,534604,487088,2018-02-21 22:09:03,9d9c 8775 f2aa fcf9 6663 1f41 be6d 5b2g 6dgd 7746 d642 4e64,
534699,9,533110,532383,2018-02-21 22:09:26,d9ac 7j87 47f4 49ss 744i 4144 9ded bg61 2e83 471c gd82 gdaa,
534700,7,529564,531216,2018-02-21 22:09:47,addd 8755 227a ca13 6d6i 1d7f 776d 5gbg 2ged 22h1 2ddb 1gga,
534701,4,513305,484148,2018-02-21 22:10:17,9cad 8776 74a2 f4ca d31d 4714 c9e3 11bk gge8 939i ggda 12d4,
534702,11,530057,425635,2018-02-21 22:10:56,c9ad 6877 247a a4bm 1381 5227 ee9f 5bg6 8752 33c2 dg42 fgg4,
534703,4,467211,383472,2018-02-21 22:10:56,acdd 85k6 f2f2 911c 8611 1752 e7cc g256 45e2 1217 bbd8 22g2,
534704,2,425707,351210,2018-02-21 22:10:56,c9dm 8888 7aaf 41aa d88d 7755 eafb 4616 6735 3362 bdda geoe,
534705,4,515896,419656,2018-02-21 22:11:40,9dca 8658 a72a 4a9i ddd6 1373 e9c9 5b11 3268 4227 f9db b4db,
534706,14,532157,514021,2018-02-21 22:11:53,cad9 7727 f7f4 afma 886d 1b57 57em b4gr 2o8e 8662 dbnn 2pge,
534707,4,528427,521966,2018-02-21 22:11:53,acac 7688 aff2 41fn 8448 8b45 cdf9 852g 67d3 2136 bbb2 egeg,
534708,3,534122,529850,2018-02-21 22:12:53,9cdg 5722 4a77 3a93 6331 1272 ccff 8617 326b 7c88 2ab2 gdg1,
534709,14,526541,525874,2018-02-21 22:13:22,ddac 88k2 2f47 agb3 d88d 5775 77fe 5158 73bb 9668 gba4 6gge,
534710,4,528822,426500,2018-02-21 22:13:22,9add 8682 faf2 f4cf 6414 2f44 dcd9 b16b 48gb 1337 9962 dg44,
534711,3,447055,519198,2018-02-21 22:14:08,cccc 6572 a242 gfaf 6611 3457 fcf7 b215 g278 6c96 afdd 1bad,
534712,9,510293,430567,2018-02-21 22:15:20,9ac9 76k6 a4f4 fb91 4644 2277 c9d7 1554 4k4d 8221 d99s gedp,
534714,8,524643,532269,2018-02-21 22:16:29,9daa 8787 72a7 ff4s 8d4i 188d cd9e 767g 7e8d a3a6 b82d 1e2g,
534715,8,532661,534655,2018-02-21 22:17:31,da9c 8888 aa7a 4c9c 3d8i 44ff 6d6e 67f7 ggeo a277 2b2a 46gg,
534716,2,532278,526876,2018-02-21 22:18:02,gca9 7572 6a6a 2bfa 1dd1 ff24 e3ef ff5b g3b7 7248 d48a 4424,
534717,9,451009,531269,2018-02-21 22:22:37,dddd 6k58 2772 gbf9 44ii 2775 def3 1426 3877 246h af9g fe2g,
534718,6,530040,525068,2018-02-21 22:22:52,ca9d 6572 f247 1a4f 4163 7272 bbce 7bg1 d346 6333 dban ceee,
534719,3,197402,530192,2018-02-21 22:23:17,cd9c 7865 a472 afab 4116 3572 9d97 41bb 7677 8747 dgga dcae,
534720,6,534100,533852,2018-02-21 22:24:02,9dcd 77jk fa7f 4f9s 4d3i 7235 9bef g162 8868 c7c3 dab2 fbaa,
534721,4,524179,513224,2018-02-21 22:24:02,a9cc 8655 2f67 cfcc 6386 8d4f 59d7 1876 8g52 a439 d948 c12e,
534722,11,519714,405412,2018-02-21 22:24:16,aadd 8858 72f4 aaff 6486 5777 adnf 5254 7544 8426 ddcd fedg,
534723,4,534689,532810,2018-02-21 22:24:16,acaa 6686 4a74 fbgg 786d 2b42 d33e 9691 gb2d c99a 9dg9 2126,
534724,99,509088,527077,2018-02-21 22:26:02,9cad 6682 f2a2 4aga d461 4481 c65e ghg6 6ggr 4814 bb96 cde2,
534725,2,512639,533152,2018-02-21 22:26:02,c99c 5668 72a4 gb43 6614 857f 3d7e 4146 85e7 4161 48dd 462g,
534726,4,534349,525927,2018-02-21 22:26:24,agaa 5286 faf2 c293 6d3d 2ffd 666f 5gb5 82eb 1c32 2f8b 446g,
534727,13,513770,164325,2018-02-21 22:27:15,cd9c 5678 4a72 fgbb 4141 8825 fcfb 67b5 4768 7486 gd9d aceg,
534728,1,525659,523397,2018-02-21 22:27:32,gca9 2788 a4f2 caaf 1331 df4f d333 f1g6 b8de 4c8c 8422 6466,
534729,23,506023,137755,2018-02-21 22:27:39,9c9a 2868 a4aa gbcc 6646 711d b7b7 2441 78d7 7678 gff9 dgf2,
534730,13,532219,467951,2018-02-21 22:28:06,dac9 65k2 aaaa 1ffc 3816 22d2 ffcc 8bp5 46kg 1c14 b84g bdp6,
534731,4,521044,518459,2018-02-21 22:28:22,aacc 2585 2a2a 33f3 6161 12b1 7cfd 1615 eed4 1129 bab6 41g4,
534732,13,405911,532892,2018-02-21 22:28:43,a9da 56k7 f474 fbaa 1d41 1811 f7bf 5bf7 4383 4686 9ba9 fagg,
534733,16,530971,488254,2018-02-21 22:28:43,9dad 72k2 fa4a c91h 4136 b785 fcb6 ff2g 4e7d 7487 99gn e2gc,
534734,9,531926,463931,2018-02-21 22:28:43,d9ac 65k7 ff2a fafg 4d61 8312 b77a 2117 8376 4676 9g9g cfee,
534735,14,534398,532685,2018-02-21 22:29:23,c9c9 2782 4446 44sf 416i 7117 fce9 bgb1 3644 4423 9f22 21aa,
534736,6,479123,534332,2018-02-21 22:29:51,aac9 2685 4442 13s1 168i 21db 3d3b 6525 6634 271c bc28 gg24,
534738,2,522170,518376,2018-02-21 22:31:14,a99d 7626 6222 a9fg 3676 88d5 f577 78fg 6e7g a688 bgfb b1g4,
534739,17,518481,532998,2018-02-21 22:31:23,adcg 56j5 27f2 gabc d66d 782k 759c 7146 5476 c27a gdss bgeg,
534740,15,532074,466674,2018-02-21 22:31:23,ac9d 2767 fa27 1fff 7668 5d1k 959f 57b5 66b7 686c 98bg 44go,
534741,10,526616,534226,2018-02-21 22:31:31,aa9a 558j 74a2 3b3b d866 1332 fe9f g58b 6g63 3288 2gba gd1g,
534742,12,163692,184501,2018-02-21 22:32:00,acc9 6888 24a7 bafp 6664 5755 dbe9 1bb2 6857 674i 9ffa dcdf,
534743,5,522285,518161,2018-02-21 22:32:53,aca9 2587 2a44 f14a 8d66 7318 cdef 4644 8668 1278 cgam gggo,
534744,1,527896,527276,2018-02-21 22:32:53,9g9d 5672 744a g33c 6661 ddb4 bc9d 5g5b bge8 c718 4942 6414,
534745,2,468272,528298,2018-02-21 22:34:01,aada 6766 fffa 9afp 1436 d147 7799 1762 7787 4344 g9ad ae2e,
534746,11,515304,504996,2018-02-21 22:34:01,c9cm 7266 f2f2 c9m9 811d 4754 cc7m 5g2g 7d47 663i f6g9 ceee,
534747,4,525489,532135,2018-02-21 22:35:12,ccam 222r 2727 1gfm dd63 7285 977f 7g15 6884 66c8 bgaa bgd2,
534748,4,522178,526881,2018-02-21 22:36:11,dcc9 2288 722f 9a39 1614 d177 ec9f 7f67 2g8b 1439 2bgg eg1p,
534749,5,534723,533335,2018-02-21 22:37:01,aaca 6686 4a44 cbgg 7d76 24f7 d3e3 5191 b2g3 c999 dggg g22g,
534750,5,534559,391132,2018-02-21 22:37:52,a9dc 6888 4774 491a 8664 7875 dbfb 5644 7776 3444 dafa fcee,
534751,21,223704,208678,2018-02-21 22:38:00,c9dc 8855 722f b4gp 4144 3757 ed9d b164 4574 8277 agfa ecaa,
534752,10,532391,521714,2018-02-21 22:38:40,cgd9 8888 7a4f aga3 6166 1212 eefe 4575 448b 4144 8b2b g64d,
534753,12,534462,534121,2018-02-21 22:38:40,9ddm a6j7 f2af fm4n 64ii 7557 6e69 gb61 3787 4768 aab2 dfaa,
534754,18,442687,154087,2018-02-21 22:40:35,dcda 6777 2f24 agfa 4646 5758 bdf7 1461 8857 8473 gadd ceeb,
534755,3,531672,500840,2018-02-21 22:40:35,aacd 6287 722f agaf 71d3 4bd4 6533 g55b 3ggd 79c1 2d4b g212,
534756,13,525735,532055,2018-02-21 22:40:41,ddcc 8885 f4a7 f4cc 1646 25b8 bcb9 7874 8228 476c 289s a422,
534757,5,528958,467581,2018-02-21 22:41:10,9adc 6575 4aaa c1fb 8386 8247 d7bo g274 56k3 3244 bdb8 gg2c,
534758,3,532078,501889,2018-02-21 22:41:34,aca9 2865 27f4 aaaa 1d1d dd12 d595 5f22 6368 c848 dg2n ded1,
534759,7,529029,527332,2018-02-21 22:42:09,cdcm 5a68 7f7f 143a 316d 27f2 e7bf 8b77 g8b3 978c 4g2g 6g2g,
534760,2,530347,495735,2018-02-21 22:43:58,agmd 827a 2f74 31g4 63d1 fb84 6c97 gb15 e8d2 7491 6429 211g,
534761,10,532556,532862,2018-02-21 22:44:06,ddam 8j52 474a abfs 416i 4721 b9d9 616f 8328 2a28 92b4 eaae,
534762,11,435027,534480,2018-02-21 22:44:44,aaca 6667 2f2f c99m d66k 2fb1 9e9e 1417 77kk a972 g4ga 4fbo,
534763,8,534235,485681,2018-02-21 22:44:59,cdcc 6567 a444 c49m 44dk 5b5b 6fef 5552 3677 2227 dad4 cdee,
534765,19,171173,374539,2018-02-21 22:45:45,d999 7568 2472 bgbg 6164 8737 7dfd 7177 6578 728k gfa9 ecdb,
534766,13,497937,466666,2018-02-21 22:46:17,c9c9 857k aff7 1bba 481d 7735 f99d f2bf 7377 3874 bbbb g2gd,
534767,6,534384,533598,2018-02-21 22:46:38,cdcd 8525 4747 cc49 68d8 f7b7 eda9 14g4 8d28 8399 8bcb 4424,
534768,11,534070,534071,2018-02-21 22:48:49,a9da k886 2222 99pb 6641 55k3 deen bh44 8886 6788 ggda bndd,
534769,16,533621,534082,2018-02-21 22:49:33,a9cc 5526 4744 gamg 6144 d575 db9f 21hb 8g88 4888 adpa dfod,
534770,6,534749,534689,2018-02-21 22:50:01,aaaa 6686 4a44 gcgg d766 b2ff c337 659g b2g2 c9a7 4bg9 g622,
534771,1,531711,531418,2018-02-21 22:51:19,daaa 6667 4ff4 gfa3 7dd6 2bb4 ed33 9565 bbd2 4419 928d 2464,
534772,14,511700,467038,2018-02-21 22:51:44,aaaa 886r 2447 a1bb 6644 575q 9ff9 bbf4 6638 8767 agbb eaan,
534773,6,394867,527816,2018-02-21 22:52:41,9cac 7557 2422 41a4 8486 5517 ead7 4547 4248 7368 9abg ggeg,
534774,4,528922,534755,2018-02-21 22:52:41,addc 588j 772f fcpc 114d fbd4 9573 71b1 7ggg 94c1 2d4b a1b2,
534775,2,511134,510348,2018-02-21 22:52:56,ccad 7287 4227 fca3 73dd b2bd ed9c 61b5 3eeo 1c4c 468b bg16,
534776,9,512548,532209,2018-02-21 22:53:50,c9da 526k 72ff b94c d34d 7484 d7mm rbrr 26ge 981i bndn pd1e,
534777,5,534192,519871,2018-02-21 22:53:50,c9dm 6868 a2ff fb11 86d1 317k e7c6 62bb 6846 2843 9a8n acd2,
534778,5,531492,279361,2018-02-21 22:53:58,c99c 885j 2f42 ca43 7868 8777 7b77 27h4 e644 6c88 f8c8 acbg,
534779,1,20792,380668,2018-02-21 22:54:29,add9 7856 4a2a fbfb 8d6d 3827 ecb7 b156 6438 3743 99bd degd,
534780,24,531828,500938,2018-02-21 22:54:58,9dma k877 44a2 44a3 1866 d5kk d776 bb67 84de 8436 4b9n 12e2,
534781,14,529178,526246,2018-02-21 22:55:03,9dcd 5828 44f4 3939 1611 77bb ffdf 16hf de3b 2228 badb 2161,
534782,1,533689,452445,2018-02-21 22:56:14,99d9 2665 422f a1af 7613 2242 66bo 5g1b 26e2 4171 dbag 12ge,
534783,4,506426,174152,2018-02-21 22:57:08,9cac 6867 222a 1fpg 1414 8887 d97o 4475 8644 4822 dcds dged,
534784,4,520088,518169,2018-02-21 22:57:16,c9cc 5578 4742 a1cp 8411 f475 5fe5 1552 7685 4461 6dac bece,
534785,6,533954,340828,2018-02-21 22:57:28,99cm 265k ff2f 4a4m 6881 3875 babc 1f11 6877 4322 afgg bege,
534786,2,505858,419594,2018-02-21 22:59:12,cd9c 2675 27f2 aaaa 4d63 8757 ab9c 2457 2367 3288 dada gabe,
534787,8,513277,531343,2018-02-21 22:59:12,dadc 6j85 7f72 4a1s 661d 871k 7777 g866 k7g8 2c27 8da2 gfgg,
534788,1,11804,398014,2018-02-21 22:59:25,aa99 5587 4424 1bbp dd86 5538 fe9f 5226 6677 8848 ggap dddg,
534789,3,528902,401993,2018-02-21 22:59:25,9999 7887 224a a1aa 188d 5572 f9fo 1844 d87k 4846 9fag age2,
534790,5,530799,530540,2018-02-21 22:59:45,aaad 7668 2f7f fa4f 66d1 3575 fc77 1266 8663 4427 9b4g 4eaa,
534792,4,534092,533480,2018-02-21 23:01:23,9g9d 7288 7244 324c 681d 5774 de7d f777 e278 1893 cbsb 124g,
534793,4,534415,509012,2018-02-21 23:01:45,cda9 5786 7fff gg4f 1146 bff5 7bd9 g744 8d67 6938 cggs 2414,
534794,10,533092,532518,2018-02-21 23:01:45,9ddc 2727 7afa nbss d688 2452 9dae 5gg2 8887 a361 b68b e4aa,
534795,14,532337,502826,2018-02-21 23:02:52,mdca 8667 24af 9agf 1634 1555 d9bm bb21 86og 6471 f4gf 2ddp,
534796,6,529873,531296,2018-02-21 23:02:56,cccc 7662 a2a4 f941 1614 2847 7f7d 8515 7868 aa9c gfs2 1aaa,
534797,6,531440,528610,2018-02-21 23:03:53,cccd 5675 22a7 a4fb d384 7db2 9d7d 8611 5627 383a 9d82 b242,
534798,7,510159,526468,2018-02-21 23:04:52,d999 68k6 f622 143f 1411 8177 eddc 7111 47rb 84kk g49f 4feg,
534799,9,534558,532830,2018-02-21 23:04:52,dadg 877j f76a 1fas d6d1 18f5 fd99 18gg 6k8e a616 bc82 fdag,
534800,13,532768,530866,2018-02-21 23:05:32,d9a9 6688 4f74 4g43 d1d6 3347 e3fb bb76 337b c688 g9gg dffe,
534801,10,359584,465011,2018-02-21 23:06:02,9cad 627j a2a7 bgaa d4d6 78k7 a9d7 6fjr 6857 4822 fcgp gcee,
534802,2,499857,525225,2018-02-21 23:06:29,d999 267j fff4 g3bf 1611 b425 cfe3 ff11 d844 6c21 bafa 266g,
534803,5,516172,489248,2018-02-21 23:06:29,aac9 78k2 47f2 a4f1 d661 d42d aoed 1bgr d6e5 1348 ddcn d2dd,
534804,2,528580,489793,2018-02-21 23:07:08,da99 2727 aff7 449p 8d88 8727 cfb9 1b2b 2232 68i1 baab ddgd,
534805,21,518323,534593,2018-02-21 23:07:57,da99 5622 f274 a99a ddd6 4871 cf97 b54b 8gb6 4788 g442 bhg1,
534806,3,508287,145163,2018-02-21 23:07:57,caca 5687 a2f7 11fa 4611 7777 e97c 122h d888 7a42 a249 bfde,
534807,4,534349,525927,2018-02-21 23:07:57,9aca 2588 7f22 f333 dd3d f224 3b6f 5g15 b2ee 1cc8 228b 44g6,
534808,3,519513,475331,2018-02-21 23:08:48,dc99 8676 af47 1g1c d848 28d8 bdfo 175g g3ge 989i f88d gggg,
534809,1,22924,418600,2018-02-21 23:08:59,d9ac 655k 7a7f abbb 4884 7527 9cfd 5667 5386 3432 a9db bdgd,
534810,1,450555,449566,2018-02-21 23:08:59,ccdc 6728 ff47 9gfa 6331 4757 fe9e 66b1 2372 7183 g9gg ee2g,
534811,2,454714,519467,2018-02-21 23:08:59,9ddd 5628 fff2 9b4b d366 4444 9a79 b25b 3688 7374 adfm 2gdd,
534812,4,525962,455688,2018-02-21 23:08:59,dcaa 8765 47f7 1bcm d661 1312 dff7 5214 28g6 4382 99bd dee2,
534813,11,526910,530298,2018-02-21 23:08:59,cca9 2678 faff 11a3 68dd 2273 bfef 46jj 3g47 6888 fabf 6dee,
534814,14,527464,530190,2018-02-21 23:09:49,dca9 6886 74fa 1aa3 381d 841f aaff 68h1 3b3b 8888 bbb9 e6ee,
534815,4,530531,532147,2018-02-21 23:09:49,dc9d 2877 f244 fccm 6d6d 42d2 9ee9 b577 eedd 8361 4882 4ggd,
534816,4,534415,527058,2018-02-21 23:10:02,9ca9 6228 f247 9c4f 6d8d db77 56m3 6f44 3g62 414c bb2g 4e44,
534817,3,530051,527853,2018-02-21 23:10:09,acdd 22k6 42a7 a1ba 13d6 1375 757d 65g6 d8g3 12a4 a262 egda,
534818,7,526518,491283,2018-02-21 23:10:18,9cad 8765 7ff6 fafa 83i4 2273 be55 b55g 7d72 6319 8a48 gd2g,
534819,7,534770,533372,2018-02-21 23:10:27,caaa 688k 424f 2c2c d767 bfff c733 6551 bgde 9a47 4bg9 4642,
534820,4,526591,524811,2018-02-21 23:11:00,cam9 6576 f7f2 a944 d466 5127 79e7 561j 6466 6683 gbda dgee,
534821,3,513801,508314,2018-02-21 23:11:00,dada 8852 647f 19a1 4864 df44 6e7o 5fj1 6438 7141 4dbd g1gd,
534822,11,534048,529812,2018-02-21 23:11:38,daca 8626 af47 9afs 61d6 1445 dbb6 6677 58k6 8484 2a82 bf4d,
534823,3,529044,506440,2018-02-21 23:12:04,cccm 5825 f7fa f9bc 8881 474b 5eao 7246 34g7 c188 b48a 2g12,
534824,10,512327,522232,2018-02-21 23:13:00,9d99 8876 4a24 g2af d16k bbdd c9ne 6886 6238 9a36 dg4b g2eb,
534825,2,527067,517479,2018-02-21 23:13:00,d99c 6587 67fa 3c4f 33dd 281b c933 8bg1 8d88 ca1c 2482 642h,
534826,11,477610,509833,2018-02-21 23:14:16,gccd 5756 2224 4gac 336d 5175 afba 62bg 5876 aa78 aa8a egc2,
534827,12,530912,533283,2018-02-21 23:14:56,cd9c 8656 ff4a abaa 186i 5274 ddfc 68gh 683e 8669 ba2d eede,
534828,4,489959,534129,2018-02-21 23:14:56,ad9c 22k2 f7aa 4baa d818 7772 dfdc 552j g477 9376 afgg bdgg,
534829,5,524285,534658,2018-02-21 23:15:19,dddc 5a68 a244 c433 3713 882f b99d b2fj 7d88 aa88 2d8g g46g,
534830,4,534678,524069,2018-02-21 23:15:24,9dac 7587 7a2a 4fb4 3488 2121 dc97 75b5 4748 432k bfa9 geed,
534832,4,529484,474764,2018-02-21 23:16:05,d9a9 2727 ffa2 3c2f 7d8d 114b dbc7 1626 ge85 2194 d6g8 g61d,
534833,2,453767,394676,2018-02-21 23:16:52,ac9d 6565 7a7a 9aa4 48d8 5721 c9c7 2b16 6656 4278 bbga edgg,
534834,3,530602,529919,2018-02-21 23:17:03,dcca 5788 afff a1ab 6d36 8544 afde 5648 3e6d c416 g2ga 2g6a,
534835,9,533958,530144,2018-02-21 23:17:03,cddc 5256 7af4 4aag 4d13 4b54 7e73 2b1b 5876 c274 gd28 ggga,
534836,8,530093,534227,2018-02-21 23:17:25,a9dd 2687 f66f f4as d4di 15f4 9ec9 g515 6777 611a b6g2 feee,
534837,18,525788,316415,2018-02-21 23:18:44,a999 8775 7f22 f1pp 164d 7555 caae h212 7877 4446 agaf ccfa,
534838,16,521949,483294,2018-02-21 23:20:06,9aac k8k6 4a72 fgpm 8716 7584 97oe 5j5j e37r 8c39 6mda e2ag,
534839,7,532201,532057,2018-02-21 23:22:31,dadd 2j27 7ff7 bffs d86i 4122 ad9e 6g61 ek88 4361 bb2b db2a,
534840,4,534415,527058,2018-02-21 23:22:43,dca9 62a8 2f7f ccfc d3di d7b7 7f9m gg74 3g76 6934 bggs gge4,
534841,4,534678,524069,2018-02-21 23:22:45,adcd 6578 a4f2 f4fb 388d 2427 cdfe 57b7 4748 61k3 abad gegb,
534842,8,534319,530574,2018-02-21 23:23:13,9aac 2585 6a47 f4cc 13dk 525q bo97 5bf4 6784 8333 db2s aeeg,
534843,5,534464,534430,2018-02-21 23:23:57,c99m 2a67 6af2 gfac 6636 8551 79de 5g85 2e36 4848 fd22 be44,
534844,12,534629,524530,2018-02-21 23:24:06,d99d 5725 2767 ccf3 4436 b7k5 fbff 466b 8kbb 8888 ggbg bfgg,
534845,8,523079,522216,2018-02-21 23:24:15,dcdg 7665 a2a4 414c d641 252f dc99 4864 888j c388 ags8 ead4,
534846,3,450225,522341,2018-02-21 23:24:34,d99m 8282 4f74 b4b4 1383 7347 b79b f5bj 8287 1872 abaa gggg,
534847,9,488941,532918,2018-02-21 23:25:34,9cdc 2827 ff2a fafs 186i f3f8 b5ed 7g12 872e a318 b8g2 2eag,
534848,4,497320,519002,2018-02-21 23:25:41,9ccc 778j 7f24 1g1f d1d1 7357 becc 5242 76k8 6344 9bb4 gdgg,
534849,23,251438,410897,2018-02-21 23:26:27,9caa 67jk f47a fa4b 8866 3311 dc9e bh5b 587i 2468 gaba fedc,
534850,10,522513,523124,2018-02-21 23:26:35,d99d 7585 42aa cffq 6168 452f e9dd gggf 225e 3117 dd44 eeo2,
534851,6,534777,501917,2018-02-21 23:26:35,9c9d 8866 a2ff bfcb 8686 317k e767 26bg 7de6 2813 9a88 a2d2,
534852,7,532134,527345,2018-02-21 23:27:06,dc9a 5727 affa f99s 16di b447 53cc 8828 2386 2226 8ga8 cg22,
534853,7,534720,532151,2018-02-21 23:27:06,d9cd 77jk 7ffa 4f9s 83dd 7225 9fea 6g62 8886 48c3 4aa2 2ba2,
534854,23,495387,383155,2018-02-21 23:27:50,cd99 2566 fa42 44ap d166 b547 d79e 6257 74k7 3786 dgsm 2bdo,
534855,5,532116,531841,2018-02-21 23:27:50,9daa 5772 27aa 991s 386i 4532 dfde 6661 e878 7847 4a2a bda4,
534856,16,514768,528622,2018-02-21 23:29:46,9daa 657j 244a 1n4c 61d6 4k53 6f7e 2644 8447 2887 dafs ae44,
534857,2,528426,532488,2018-02-21 23:30:09,gc9m 2755 a744 23gc 6166 d4bd e335 5bbg d836 8199 2292 426g,
534858,2,507998,482522,2018-02-21 23:30:31,cacd 7872 fff2 21an dd3d 15f4 9bec 8672 24e4 4621 bba8 gddd,
534860,3,528301,530829,2018-02-21 23:30:36,9cac 67ak afa2 2ggc 66d1 2815 7def f584 6267 4344 c2s2 gg14,
534861,5,515743,533797,2018-02-21 23:30:55,c9cc 8625 4aa2 a41c dd3d f7d4 fbde g5b4 427o 6a18 gags 46b4,
534862,5,533050,532003,2018-02-21 23:31:02,dccd 2262 ff24 9cba d148 5453 7699 62g1 3777 4831 bb2b a2ga,
534863,7,530904,531901,2018-02-21 23:32:06,9dc9 868k f422 2f9p 4413 3ddf bef5 548j 4b37 7a84 6dd8 acab,
534864,7,504479,471750,2018-02-21 23:32:28,dc9d 2552 4f47 p4g1 368i 8147 bcas b56r ee76 872i agnf a2go,
534865,2,520212,444552,2018-02-21 23:32:41,dcdm 7588 6a2a 1abc 181i 4f44 c5ee 7868 7627 2944 dfga ge2g,
534866,6,528969,510023,2018-02-21 23:32:41,dgmd 8286 62fa 3ccs 6666 b2f8 67ee 6b6g gege 2121 2a2d 64ga,
534867,8,524551,515183,2018-02-21 23:33:59,dd9m 6627 f42a 433b 361d 781f 57df 1g27 4rbb 7218 2gda 6g41,
534868,1,526180,524556,2018-02-21 23:34:54,gad9 2768 277f 92c1 3d31 f124 993e 8815 8b6e 7a97 8d22 11g6,
534869,6,448451,524568,2018-02-21 23:35:17,ddcc 6788 f42a a3ff 311i 28f1 f36e g546 8g77 2a33 4ca8 4apd,
534870,5,484295,499325,2018-02-21 23:35:29,aacm 278j fff4 1914 3d16 41dd c9ed 576g 578d 764h ba6b bd2g,
534871,11,533221,534263,2018-02-21 23:35:35,d9cd 2aj6 2274 bfnm 468i 557b f7o5 862r 5787 3766 d8d2 aeaa,
534872,2,465585,467490,2018-02-21 23:35:35,ddc9 5665 4aaf 94f1 d8d6 5427 9fcf 75b5 3887 8868 dfag dcge,
534873,4,534678,524069,2018-02-21 23:36:09,9dad 5655 7a42 4bf4 888d 242d c9fe 57b5 5788 6242 bfda edbe,
534874,8,534839,533110,2018-02-21 23:37:17,adac 8j87 72f4 f9ba d36i 8128 ad9a gbg1 ke32 8611 f2d2 gdaa,
534875,6,531097,533709,2018-02-21 23:37:55,d99d 7866 faa4 c423 418i 7244 a95d g5b8 787d a464 s2ba f1ge,
534876,8,531999,532129,2018-02-21 23:38:13,ddcd 2752 4a74 94s1 616d 1275 ae7e 16bb 8882 74c4 9pg2 2eag,
534877,4,534397,534630,2018-02-21 23:38:32,acaa 7276 22f7 fa1s 66i1 8d15 acef 8g16 g867 3321 d92d 2d4a,
534878,4,532171,497578,2018-02-21 23:39:20,a9a9 7525 4faa f9fb 6166 4215 d79a bb1g 422e 6678 agfc egee,
534879,9,534714,534558,2018-02-21 23:39:20,adga 8287 fa76 1ffs 884i 1f8d cd99 1gjk 678d a166 28g2 feeg,
534880,2,534335,534358,2018-02-21 23:39:34,da99 6787 7aa4 1g3g d616 df2f 6bdf 1624 4624 882c 2ga4 g41a,
534881,5,458390,499803,2018-02-21 23:39:34,c9d9 2885 a2a2 bafb d64d 5882 dbed b4k6 343e 33h8 gffa eebe,
534882,1,533386,530803,2018-02-21 23:41:06,ad9a a827 7a47 313c d33d 2dbf ec6d 9g61 eege 8ac4 b22b 4146,
534883,7,524643,534194,2018-02-21 23:41:14,d9da 6577 fff7 f44f 6844 ff18 399e 1b1g e677 c8a3 bd22 egag,
534884,1,530660,531847,2018-02-21 23:41:14,aa9d 6882 f4a4 f13c 6d36 f12d 6bde 1b51 26dd 89cc 9d22 2446,
534885,15,173719,526861,2018-02-21 23:41:33,ccd9 72j5 a7f7 g3gf 4111 2171 fbbf 26h6 678b 3889 badp e2dc,
534886,8,490099,514224,2018-02-21 23:41:41,ddd9 2827 4242 f1fq 1d8k d2f5 9fen 15g7 2763 7692 dddg egeg,
534887,3,533461,529694,2018-02-21 23:41:41,g99c 5762 aff7 9cf2 1638 fb22 cb3f 7fg1 5gbe 2238 22b2 4gb4,
534888,5,529419,522617,2018-02-21 23:42:12,dcac 8655 ff72 f43g 166d bbbf e5ef 85b6 563b 6673 dbbb 24g2,
534889,8,459482,393472,2018-02-21 23:42:21,addc 6522 42af 14aa 6416 7775 becd gb65 722k 11k4 dggg e2e2,
534890,6,521049,519508,2018-02-21 23:42:21,a99c 5225 42af cfa3 d66d dd55 cd9f g178 38bg 2318 dbg2 2g22,
534891,11,534073,531807,2018-02-21 23:42:21,dcda a725 2244 ffis 4d16 451f 96e9 66g1 g4oo cc27 d42b a1ae,
534892,5,524570,524029,2018-02-21 23:42:47,dcd9 8766 7fa7 9433 3668 21ff 6bfe 11bb gb8b 7798 24a2 4624,
534893,2,532355,468597,2018-02-21 23:42:47,a9ac 2222 7a47 3bfc d61d 1bd2 997d 655b g286 1218 dg8g g24g,
534894,16,502282,143566,2018-02-21 23:44:16,caad 6886 74a4 cggf 4366 2274 ff5n 14h8 8788 6231 ma4a ggdc,
534895,13,534761,534753,2018-02-21 23:44:27,9ddm ajj2 f7aa bfan 61i6 4521 6969 g61f 3728 4786 ab24 eaaa,
534896,3,496753,519130,2018-02-21 23:45:00,acdc 5652 2af2 f41m 368d d445 57b9 76b1 6ge6 4721 gbpg fc2p,
534897,4,533631,534372,2018-02-21 23:45:03,a9ca 527j 4442 fcf3 1d18 1714 fec9 1581 78ge 1213 d922 22da,
534898,13,453186,505136,2018-02-21 23:45:36,d9d9 7656 4f4a g44f 861d 8852 6fff 175r kg88 76i3 abbd 1ddd,
534900,5,531640,531471,2018-02-21 23:46:25,gadd 6722 7fff 14ab 1d66 48b2 e9o9 4bg2 644d 1224 222g b2ef,
534901,3,531104,498610,2018-02-21 23:46:25,dd9d 5a22 7747 99gf 311d df47 7de7 gg1f g722 a499 gbc4 4f4g,
534902,13,534618,534625,2018-02-21 23:47:15,ccaa 555j 6aa4 fgf4 8181 5b47 ec9e 1g11 8g27 1743 94gb efb4,
534903,3,532677,533745,2018-02-21 23:48:22,ac9a 75k6 72f4 aaff 1464 8517 ecc7 1581 568e 2634 dddg e1ad,
534904,10,534095,521623,2018-02-21 23:48:22,9dgc 8888 4724 fagg 4di6 1154 7fdf 671j 3487 8283 ba2g edaa,
534905,9,521197,471983,2018-02-21 23:48:35,99ac 8888 2a7a 9a13 6481 8381 e5f9 66bb 8878 6488 addf ac2e,
534906,11,472582,468620,2018-02-21 23:48:40,9aad 8665 7744 fabb d1dd 122q ddb7 5fff 8687 772i dggg fggg,
534907,1,2365,530336,2018-02-21 23:48:47,cdad 6776 27a7 g9cg 4166 87bb de9e 1117 2678 3393 4948 dd4e,
534908,2,532578,533152,2018-02-21 23:49:38,cac9 625k 6a4f ag3p d63d 812b 3e7d g1g5 2gee 9c81 d888 4266,
534909,2,533274,532087,2018-02-21 23:50:20,ggca 856j 2a7a af9g 4816 5b12 b7df b8b5 e82b c231 4a82 6d46,
534910,6,534855,533050,2018-02-21 23:50:20,9add 7262 242a f9c1 3416 4435 9769 6b27 3277 8731 422a ada4,
534911,5,406240,533093,2018-02-21 23:51:29,9cc9 7755 77a7 c441 6646 2175 f9fd f725 74dj 6332 bg8g gcf2,
534912,3,525188,514604,2018-02-21 23:51:29,cccd 77ak 27a4 9f3a 1d31 bf77 f5cd 8415 52ek 4acc d8bn bbge,
534913,4,533686,512180,2018-02-21 23:52:05,aadc 8287 442a gagg 6116 d18f 797d f4g4 38e8 3399 d82g eg44,
534914,4,497320,519002,2018-02-21 23:52:25,ccda 78j7 afaa 44ff 166d 7127 beec 4242 78dj 7414 bbd4 egdg,
534915,6,434448,487566,2018-02-21 23:52:29,9dc9 6576 22aa b4gp 6613 778h 757c b456 7848 3782 agga ggfa,
534916,6,531097,533709,2018-02-21 23:52:29,g9da 8756 74a4 abs2 481d 7227 ad75 g8b8 8786 a168 4s22 gaee,
534917,4,465661,505879,2018-02-21 23:53:33,d999 7527 2a22 g4af 8163 b24d b7d5 8g5g 8d2e 6a91 aa48 2d24,
534918,42,495620,509692,2018-02-21 23:53:33,99cd 6565 74aa 94ac 68d6 488f f69d 1126 4873 67c4 gaa8 a2eg,
534919,4,468038,521724,2018-02-21 23:54:07,9c9d 7272 4f42 1fg2 3166 588f 657s 5726 d854 191a 694a b4ge,
534920,13,534664,534666,2018-02-21 23:54:19,g99d 85j6 2ff4 1f49 k668 8k7k 373f g786 737e 6413 2bcd gcdc,
534921,4,534397,534630,2018-02-21 23:54:38,ad9a 5277 7af7 aafs 668i 1d58 e77f 2581 867e 2133 9dd2 2b2a,
534922,4,530522,506696,2018-02-21 23:55:17,9dca 8722 7244 9fs9 d61i b887 9ddd 7241 777g 8291 gm9b e2fg,
534923,3,532997,361755,2018-02-21 23:56:04,a9cm 7765 67f7 44fm 6dd8 2181 efbb 5615 7764 6342 baba addo,
534924,4,526303,529384,2018-02-21 23:57:06,gcad 856j 24aa a943 d6d8 b73h e9ff 1bgh g6gb c726 2bba 22g6,
534925,2,314924,495111,2018-02-21 23:57:35,cccm 2282 aa7f aaag d333 d757 7e77 6gg1 6687 a8a1 4af8 1gee,
534926,9,488430,496216,2018-02-21 23:58:00,acc9 8567 ff47 9cpa 3684 4785 ded7 7b77 68e7 8682 gg8n fabg,
534927,6,522900,530922,2018-02-21 23:58:09,gddd 67j5 4f7a 33g9 4613 12d7 7cde 586b bb82 cc46 629d 6ggb,
534928,1,477417,377664,2018-02-21 23:58:26,9ddd 8857 aa2f b4cf 18d6 8172 aee9 581h 3ed2 7798 d6d8 e2e2,
534929,7,534686,532988,2018-02-21 23:58:36,d9ac 8822 f42f 1ss9 67d1 7377 9bbd 7217 d787 2194 6222 aee1,
534930,8,510321,511867,2018-02-21 23:59:18,9a9c 5576 2a22 ggcc 1d8k 88b2 9ef6 8766 286d 2213 64p8 d2eg,
534931,13,499762,128483,2018-02-21 23:59:49,cacm 6685 4fff aacp 4868 1b75 e97e bbf2 778k 727k 68dd d2aa,
534932,6,504681,510778,2018-02-22 00:00:03,ddda 2586 aaaf f4g2 d7dd 5d22 6ddf 5555 6e37 2993 dg4a e2gc,
534933,2,520512,512780,2018-02-22 00:00:03,d99d a556 2f7f 1cfg 6dd1 2f4b 3967 bgg6 d8g8 7491 4d88 g12h,
534934,7,534720,532201,2018-02-22 00:00:03,dd9d 5277 f7ff f4ss 434i 2735 b9dd gg66 8868 c761 bab8 fbaa,
534935,1,529397,526420,2018-02-22 00:00:16,agdd 2675 af2a ccf3 7366 b4f8 c396 f516 gb22 7a8c 2928 4421,
534936,6,519716,530776,2018-02-22 00:00:16,9dad 6288 4472 afap 4448 8d18 ebaf 552b 88i8 6667 f9db cfaa,
534937,2,515944,468019,2018-02-22 00:00:27,c9cc 5657 f27a bf3f d181 1144 c7cf 65bb 367k 2481 bb2a 1624,
534938,5,533618,534166,2018-02-22 00:01:17,c9dd 856k ffff 9b1b 36d3 5758 e9eo 2664 3272 7243 daad adbe,
534940,8,531172,534863,2018-02-22 00:02:33,9dc9 66k8 4422 2gap 4441 12df cfe7 548j 4b73 7686 6ddd acab,
534941,5,534707,533249,2018-02-22 00:02:33,aac9 7688 faf2 aafn 4648 8477 7f7f 2121 673d 1163 gabf ddae,
534942,4,534001,514784,2018-02-22 00:03:00,g99a 7657 4222 c4cs 386i 855b 7ebc bb65 842d c393 42d2 4g22,
534943,4,524860,522391,2018-02-22 00:03:05,cadc 8278 2274 a24c d3d3 d775 9dbd 116g g637 163a 9g4d e2e2,
534944,11,16469,66539,2018-02-22 00:07:44,99dd 56kk 222f 9bga 6466 5778 fe7f 4277 8878 3473 9dff ceef,
534945,3,531150,525305,2018-02-22 00:07:44,c999 682k aa44 caa9 611d 4fbb 5993 f165 g2e2 a41c 69b8 gbd2,
534946,8,534853,534839,2018-02-22 00:08:53,addd j77k 7faf b9ss 8d3i 4215 fdea g66h e8k8 441c 4ab2 22b2,
534947,18,526917,500646,2018-02-22 00:08:53,9a9d 5772 7227 1933 4841 1q48 dc96 ff7g 777i 6663 gbgb dpgd,
534948,12,448686,483314,2018-02-22 00:09:24,9ad9 5787 f2f4 4fpp d1d8 877k ec77 g2b5 42o8 4388 bbfp aaba,
534949,4,529989,506686,2018-02-22 00:10:38,d9aa 7272 47f4 91sf 366i 575k 5dbd 66f6 78gg 1918 gabm 1egd,
534950,2,496328,529260,2018-02-22 00:10:51,g99c 5757 f24f c943 dddd bbf5 7c77 81b6 22d8 2c99 6d6b cd66,
534951,5,529409,527563,2018-02-22 00:11:19,ad9c 8658 7a2f 9144 6d6i 328h eec9 656j 6637 7666 9aba ggda,
534952,5,530419,534403,2018-02-22 00:11:59,ac9d 6266 27f2 fcm4 44id 34bd 3a79 b674 4462 9i1c 9fad cg2a,
534953,6,533224,532231,2018-02-22 00:13:04,d9a9 2828 277a 1f9s 876i 7737 cd7c g25g 8d72 1249 69d2 e1ea,
534954,3,503226,461234,2018-02-22 00:14:11,a9dd 2772 47fa fa4m 1dd4 1885 7bce 6755 5774 4628 9bab d2ee,
534955,0,,,2018-02-22 00:15:54,daac 5782 6772 1agf 6d36 dd12 7d3e bbg6 bbdd c9c4 69b2 1444,
534956,12,405911,514805,2018-02-22 00:17:18,9cam 776k f774 faab d648 5315 f7ef 754b 7488 3273 9sna ggeb,
534957,4,534397,534630,2018-02-22 00:17:18,aadd 2776 72f7 aas1 4d81 158d ebc7 2855 e877 3a21 9dd2 b22a,
534958,5,521734,461282,2018-02-22 00:17:30,9dd9 6882 2ff2 aa44 661i 7d77 dee9 85gg 63k3 7468 bg9f dege,
534959,11,534801,497731,2018-02-22 00:17:42,caac 7276 2f44 19aa d316 7847 99oc f5gg d657 4192 6fgp gc21,
534960,3,516069,392076,2018-02-22 00:17:42,ddd9 5657 7242 3bb3 8d43 2725 77e9 1417 88g4 7264 2a42 g4af,
534961,2,532106,533391,2018-02-22 00:18:17,9acd 7222 aa77 9a3b d611 f28f 7c3f 6f75 3beb a388 4a2a 4g4g,
534962,19,528134,524654,2018-02-22 00:18:59,amcc 5765 f2a4 cfc4 dd16 ffff de99 1186 g234 6198 4d44 dbg6,
534963,2,500911,527598,2018-02-22 00:18:59,dcac 6756 a472 4aga dd6d df42 e66e ggf6 e28d cac4 84d2 21g2,
534964,10,532729,530526,2018-02-22 00:20:01,c9da 7252 2747 c19c 44dd 18kk 9d9m kgb1 7ege 8k41 gbnn ee22,
534965,5,532945,533294,2018-02-22 00:20:01,d9ad 5822 7f74 1f1s 711i 2851 edfd 665g 7gg8 8272 aam2 deca,
534966,3,534433,532663,2018-02-22 00:20:01,cdd9 6658 7a47 f1cc d1d1 8f42 cdeb 5b54 5d28 717c 6292 4g41,
534967,1,533386,530907,2018-02-22 00:20:18,g999 a755 7727 cacg d6d6 d2f2 cbeo 9g1b 386e 8a44 bb24 1426,
534968,4,455353,438270,2018-02-22 00:20:38,a9cd 8867 227a a14f 6486 3575 f7d9 2j76 8387 82i8 bdba ggdo,
534969,4,533919,530531,2018-02-22 00:20:38,cddc 6855 2244 fccm 631d 4b4f e7b7 5661 8e77 3i12 44a8 ba1e,
534970,14,529710,523963,2018-02-22 00:21:04,9dcd 8k28 4a7a 4mfc 78ii 2444 ed7f f86b 72gg 1c2i sdgp 4gg4,
534971,3,505742,482869,2018-02-22 00:21:28,9dd9 5565 2a2a aggc dd61 4444 edd5 8b87 e28e 9469 968g dede,
534972,18,527780,532506,2018-02-22 00:22:38,9cac 5225 27f4 4f1f 87dd d82d 5eeo 16bb d678 1723 bb44 eg2e,
534973,2,528329,430651,2018-02-22 00:22:56,dac9 7878 2a44 bff4 8338 5222 7e67 172j 3337 964a 6bag edeg,
534974,1,495220,475325,2018-02-22 00:23:07,acdd 7868 6274 cac4 1311 4d8d 59be f6g1 dgd8 8819 44d8 242g,
534975,6,534100,533852,2018-02-22 00:23:07,cgdc 7857 f7ff 4f9b 483i 2425 9f97 g626 8688 7a3c daaa bdaa,
534976,8,534305,533477,2018-02-22 00:23:54,addd 8758 247a gfss 4d4i 17f2 a9fe 6175 36bb 7c43 gfd2 1aee,
534977,18,183584,527366,2018-02-22 00:24:23,ad9a 858k f7f7 9gb9 4661 537k bof9 466b 766k 3624 g9gd debf,
534978,8,534852,530799,2018-02-22 00:25:06,cd9d 5678 f27f a99f 64i6 b747 35c9 1826 3866 4362 8ga8 gcaa,
534979,5,476654,534596,2018-02-22 00:25:48,ccac 8287 2afa 9fnf 3646 3288 abd7 472b 6676 7293 b9dg 22dd,
534980,9,534836,533176,2018-02-22 00:25:54,agad 6282 66ff 42ss 4d6d 1ff2 f5d9 gg15 6778 321a bbg2 1e2a,
534981,14,519495,499304,2018-02-22 00:26:01,a99d 8882 447a 99f9 6314 7557 be7c 44h7 5787 2689 dgfb efa2,
534982,4,534372,533631,2018-02-22 00:26:29,caca 76j7 7224 caa3 6186 471d c79c 1g5b 5e84 1443 8d22 2e4a,
534983,4,527449,499802,2018-02-22 00:28:06,9ccc 8555 42a2 f4bm 3381 4f71 9aef 52b4 g877 6638 gbbs dggg,
534984,7,532156,531190,2018-02-22 00:29:23,9dc9 5222 744f 1acf 11d1 7787 d79d 8bb1 6786 4428 4a8a aef1,
534985,14,524170,520911,2018-02-22 00:29:40,c99a 2626 4ff4 bbg9 41i8 811q f999 f51f 588k 2666 aggm ccdb,
534986,3,527615,529603,2018-02-22 00:29:59,9c9a 275a fa42 cff1 3633 2d2f 9cbf 6bb5 767b c888 d9ba 446e,
534987,1,467075,510070,2018-02-22 00:30:21,accm 7877 6242 344a 83d1 12db 7e63 5g51 66dd c141 g922 66d6,
534988,14,525080,530362,2018-02-22 00:30:21,cc9d 5685 af4f 1433 1d81 84h7 7faf 851j 38b3 9688 bbm4 6eeg,
534990,6,534958,497130,2018-02-22 00:30:26,cda9 5582 ff22 4fa4 686d 7d27 de9e 15gp 6473 6818 bagp ddgg,
534991,2,484404,518589,2018-02-22 00:31:14,dc9a 8622 f742 4ag4 668d d148 f679 f5j6 8627 3989 2aba be4g,
534992,3,534122,529850,2018-02-22 00:31:24,9dd9 5726 f7a7 f3c3 631d 2821 c3fb 8f5b 273b a784 2b6b 4g1g,
534993,1,476264,476284,2018-02-22 00:31:24,dc9c 2287 672f 29gf 3318 d414 e6d6 6885 edgd 1889 g6db 222e,
534994,4,526303,529384,2018-02-22 00:31:56,gad9 8622 47a2 9234 d6d6 11bh ee7e 11bh g86b 1728 b6ba 2gg6,
534995,14,522684,528809,2018-02-22 00:31:58,9cda 252j 447f 9b4g 3dd1 d747 9jc9 2ffp 63k8 1664 gaag dceg,
534996,3,503346,470748,2018-02-22 00:32:01,c9dc 2828 4272 1afa 8814 5145 ffdf ggb1 6737 1148 dgdd eeao,
534997,1,533867,531265,2018-02-22 00:32:07,gdca 7882 44a2 2g2a 3dd1 2b2b 67b3 911g gee2 1418 462d g2g2,
534998,6,531097,533709,2018-02-22 00:33:04,999a 6866 6faa cb1s 411d b277 ad75 85bb 788d 8746 as2a fgae,
534999,9,527278,518734,2018-02-22 00:34:16,c99m 5626 77a7 933b 6441 b53b 7f5f 5g61 8362 8688 b2ga 4fd2,
